chembl_id,smiles,ic50_nm,mw,logp
CHEMBL53711,CN(C)c1cc2c(Nc3cccc(Br)c3)ncnc2cn1,0.006,344.22,3.6
CHEMBL35820,CCOc1cc2ncnc(Nc3cccc(Br)c3)c2cc1OCC,0.006,388.27,4.93
CHEMBL53711,CN(C)c1cc2c(Nc3cccc(Br)c3)ncnc2cn1,0.006,344.22,3.6
CHEMBL53753,CNc1cc2c(Nc3cccc(Br)c3)ncnc2cn1,0.008,330.19,3.57
CHEMBL53753,CNc1cc2c(Nc3cccc(Br)c3)ncnc2cn1,0.008,330.19,3.57
CHEMBL53753,CNc1cc2c(Nc3cccc(Br)c3)ncnc2cn1,0.008,330.19,3.57
CHEMBL66031,Brc1cccc(Nc2ncnc3cc4[nH]cnc4cc23)c1,0.008,340.18,4.01
CHEMBL29197,COc1cc2ncnc(Nc3cccc(Br)c3)c2cc1OC,0.025,360.21,4.15
CHEMBL29197,COc1cc2ncnc(Nc3cccc(Br)c3)c2cc1OC,0.025,360.21,4.15
CHEMBL53428,CN(C)c1cc2ncnc(Nc3cccc(Br)c3)c2cn1,0.09,344.22,3.6
CHEMBL420624,Nc1ccc2c(Nc3cccc(Br)c3)ncnc2c1,0.1,315.17,3.72
CHEMBL54400,CNc1cc2ncnc(Nc3cccc(Br)c3)c2cn1,0.13,330.19,3.57
CHEMBL51853,Nc1cc2c(Nc3cccc(Br)c3)ncnc2cn1,0.13,316.16,3.11
CHEMBL334697,C=CC(=O)N(C)c1cc2c(Nc3cccc(Br)c3)ncnc2cn1,0.17,384.24,3.68
CHEMBL161956,CN(CCO)c1cc2c(Nc3cccc(Br)c3)ncnc2cn1,0.22,374.24,2.96
CHEMBL127041,OCCNc1cc2ncnc(Nc3cccc(Br)c3)c2cn1,0.24,360.22,2.94
CHEMBL53426,Brc1cccc(Nc2ncnc3cnc(NCCc4c[nH]cn4)nc23)c1,0.25,411.27,3.3
CHEMBL152905,Nc1ccc2sc3c(Nc4cccc(Br)c4)ncnc3c2c1,0.27,371.26,4.93
CHEMBL128468,O=C(O)CCCNc1cc2ncnc(Nc3cccc(Br)c3)c2cn1,0.28,402.25,3.81
CHEMBL163369,OCCN(CCO)CCCNc1cc2c(Nc3cccc(Br)c3)ncnc2cn1,0.35,461.36,2.62
CHEMBL39320,Cn1ncc2cc3c(Nc4cccc(Br)c4)ncnc3cc21,0.37,354.21,4.02
CHEMBL134371,O=C(O)/C=C/C(=O)Nc1ccc2ncnc(Nc3cccc(Br)c3)c2c1,0.37,413.23,3.72
CHEMBL40734,Brc1cccc(Nc2ncnc3cc4[nH]ccc4cc23)c1,0.39,339.2,4.62
CHEMBL336264,C=CS(=O)(=O)c1cc2c(Nc3cccc(Br)c3)ncnc2cn1,0.43,391.25,3.45
CHEMBL345109,CN(C)CCCNC(=O)/C=C/C(=O)Nc1ccc2ncnc(Nc3cccc(Br)c3)c2c1,0.44,497.4,3.7
CHEMBL351629,CN(CC(=O)O)c1cc2c(Nc3cccc(Br)c3)ncnc2cn1,0.44,388.23,3.05
CHEMBL39337,Brc1cccc(Nc2ncnc3cc4[nH]ncc4cc23)c1,0.44,340.18,4.01
CHEMBL39337,Brc1cccc(Nc2ncnc3cc4[nH]ncc4cc23)c1,0.44,340.18,4.01
CHEMBL39337,Brc1cccc(Nc2ncnc3cc4[nH]ncc4cc23)c1,0.44,340.18,4.01
CHEMBL40734,Brc1cccc(Nc2ncnc3cc4[nH]ccc4cc23)c1,0.44,339.2,4.62
CHEMBL40734,Brc1cccc(Nc2ncnc3cc4[nH]ccc4cc23)c1,0.44,339.2,4.62
CHEMBL136404,C/C=C/C(=O)Nc1cc2c(Nc3cccc(Br)c3)ncnc2cn1,0.5,384.24,4.05
CHEMBL126791,Brc1cccc(Nc2ncnc3cc(NCCCn4ccnc4)ncc23)c1,0.51,424.31,4.23
CHEMBL93464,C/C=C/C(=O)Nc1ccc2ncnc(Nc3cccc(Br)c3)c2c1,0.55,383.25,4.65
CHEMBL127086,O=C(O)CCNc1cc2ncnc(Nc3cccc(Br)c3)c2cn1,0.61,388.23,3.42
CHEMBL344177,O=C(/C=C/Cl)Nc1cc2c(Nc3cccc(Br)c3)ncnc2cn1,0.69,404.66,4.22
CHEMBL285063,C=CC(=O)Nc1ccc2ncnc(Nc3cccc(Br)c3)c2c1,0.7,369.22,4.26
CHEMBL289213,CN(CC(=O)O)Cc1c[nH]c2cc3ncnc(Nc4cccc(Br)c4)c3cc12,0.72,440.3,4.13
CHEMBL339416,[O-][N+]1(CCCNc2cc3ncnc(Nc4cccc(Br)c4)c3cn2)CCOCC1,0.74,459.35,3.68
CHEMBL299622,CNc1ncc2ncnc(Nc3cccc(Br)c3)c2n1,0.76,331.18,2.97
CHEMBL139095,C=CS(=O)(=O)Nc1cc2c(Nc3cccc(Br)c3)ncnc2cn1,0.76,406.27,3.42
CHEMBL52765,Nc1ccc2ncnc(Nc3cccc(Br)c3)c2c1,0.78,315.17,3.72
CHEMBL36727,Cn1ccc2cc3c(Nc4cccc(Br)c4)ncnc3cc21,0.8,353.22,4.63
CHEMBL294475,Brc1cccc(Nc2ncnc3cnc(NCCN4CCOCC4)nc23)c1,0.81,430.31,2.67
CHEMBL338114,Brc1cccc(Nc2ncnc3cc(NCCc4c[nH]cn4)ncc23)c1,0.91,410.28,3.91
CHEMBL51659,C=CC(=O)Nc1cc2c(Nc3cccc(Br)c3)ncnc2cn1,0.91,370.21,3.66
CHEMBL126372,OCC(O)CNc1cc2ncnc(Nc3cccc(Br)c3)c2cn1,0.92,390.24,2.3
CHEMBL165630,OCCN(CCO)CCNc1cc2c(Nc3cccc(Br)c3)ncnc2cn1,0.93,447.34,2.23
CHEMBL53777,CN(C)c1ncc2ncnc(Nc3cccc(Br)c3)c2n1,0.95,345.2,2.99
CHEMBL415738,Cc1cccc(Nc2cc(NCCO)ncn2)c1,1.0,244.3,1.93
CHEMBL939,COc1cc2ncnc(Nc3ccc(F)c(Cl)c3)c2cc1OCCCN1CCOCC1,1.0,446.91,4.28
CHEMBL553,C#Cc1cccc(Nc2ncnc3cc(OCCOC)c(OCCOC)cc23)c1,1.0,393.44,3.41
CHEMBL30432,CN(C)c1cc2c(Nc3ccc4c(cnn4Cc4ccccc4)c3)ncnc2cn1,1.0,395.47,4.23
CHEMBL334801,CN(C)CCCNC(=O)/C=C/C(=O)Nc1cc2c(Nc3cccc(Br)c3)ncnc2cn1,1.1,498.39,3.09
CHEMBL139044,C=C/C=C/C(=O)Nc1cc2c(Nc3cccc(Br)c3)ncnc2cn1,1.1,396.25,4.21
CHEMBL153206,COc1ccc2[nH]c3ncnc(Nc4cccc(Br)c4)c3c2c1,1.2,369.22,4.63
CHEMBL127058,OCCN(CCO)CCCNc1cc2ncnc(Nc3cccc(Br)c3)c2cn1,1.2,461.36,2.62
CHEMBL136178,CC(=O)/C=C/C(=O)Nc1ccc2ncnc(Nc3cccc(Br)c3)c2c1,1.2,411.26,4.22
CHEMBL92086,C=C(C)C(=O)Nc1ccc2ncnc(Nc3cccc(Br)c3)c2c1,1.2,383.25,4.65
CHEMBL162223,Brc1cccc(Nc2ncnc3cnc(NCCc4ccccn4)cc23)c1,1.2,421.3,4.58
CHEMBL153525,Brc1cccc(Nc2ncnc3ccc4cc[nH]c4c23)c1,1.24,339.2,4.62
CHEMBL127082,CNc1cc2ncnc(Nc3cccc(C)c3)c2cn1,1.4,265.32,3.12
CHEMBL128467,O=S(=O)(O)CCNc1cc2ncnc(Nc3cccc(Br)c3)c2cn1,1.4,424.28,2.83
CHEMBL136511,C=CS(=O)(=O)Nc1ccc2ncnc(Nc3cccc(Br)c3)c2c1,1.4,405.28,4.02
CHEMBL53831,Nc1ncc2ncnc(Nc3cccc(Br)c3)c2n1,1.5,317.15,2.51
CHEMBL338175,O=C(O)CNc1cc2ncnc(Nc3cccc(Br)c3)c2cn1,1.5,374.2,3.03
CHEMBL422292,CCOC(=O)/C=C/C(=O)Nc1cc2c(Nc3cccc(Br)c3)ncnc2cn1,1.5,442.27,3.59
CHEMBL165731,Cc1cccc(Nc2ncnc3cnc(NCCN4CCOCC4)cc23)c1,1.5,364.45,2.82
CHEMBL138363,C=C(C)C(=O)Nc1cc2c(Nc3cccc(Br)c3)ncnc2cn1,1.6,384.24,4.05
CHEMBL416611,OCC(O)Cn1ccc2cc3c(Nc4cccc(Br)c4)ncnc3cc21,1.6,413.28,3.44
CHEMBL343722,C=C=CC(=O)Nc1ccc2ncnc(Nc3cccc(Br)c3)c2c1,1.6,381.23,4.42
CHEMBL166255,CN(CCO)CCNc1cc2c(Nc3cccc(Br)c3)ncnc2cn1,1.7,417.31,2.87
CHEMBL31276,CN(C)C/C=C/C(=O)Nc1cc2c(Nc3cccc(Br)c3)c(C#N)cnc2cn1,1.9,451.33,4.06
CHEMBL126623,Brc1cccc(Nc2ncnc3cc(NCCCN4CCOCC4)ncc23)c1,1.9,443.35,3.67
CHEMBL285063,C=CC(=O)Nc1ccc2ncnc(Nc3cccc(Br)c3)c2c1,2.0,369.22,4.26
CHEMBL56936,COc1cc2ncnc(Nc3ccc(F)c(Cl)c3)c2cc1OCCNCCN(C)C,2.0,433.92,3.7
CHEMBL155278,Cc1cccc(Nc2ncnc3c2sc2ccc(N)cc23)c1,2.1,306.39,4.48
CHEMBL51228,Brc1cccc(Nc2ncnc3cnc(NCCCn4ccnc4)nc23)c1,2.3,425.29,3.62
CHEMBL299881,Cc1cccc(Nc2ncnc3cnc(NCCN4CCOCC4)nc23)c1,2.3,365.44,2.22
CHEMBL140561,CN(C)CCCOC(=O)/C=C/C(=O)Nc1ccc2ncnc(Nc3cccc(Br)c3)c2c1,2.4,498.38,4.13
CHEMBL139095,C=CS(=O)(=O)Nc1cc2c(Nc3cccc(Br)c3)ncnc2cn1,2.4,406.27,3.42
CHEMBL287007,CN(C)Cc1c[nH]c2cc3ncnc(Nc4cccc(Br)c4)c3cc12,2.6,396.29,4.68
CHEMBL53711,CN(C)c1cc2c(Nc3cccc(Br)c3)ncnc2cn1,2.6,344.22,3.6
CHEMBL341319,CN(CCO)c1cc2ncnc(Nc3cccc(Br)c3)c2cn1,2.6,374.24,2.96
CHEMBL285063,C=CC(=O)Nc1ccc2ncnc(Nc3cccc(Br)c3)c2c1,2.7,369.22,4.26
CHEMBL344486,CCOC(=O)/C=C/C(=O)Nc1ccc2ncnc(Nc3cccc(Br)c3)c2c1,2.7,441.29,4.19
CHEMBL151593,CO.Nc1cccc2c1sc1c(Nc3cccc(Br)c3)ncnc12,2.7,403.31,4.54
CHEMBL136511,C=CS(=O)(=O)Nc1ccc2ncnc(Nc3cccc(Br)c3)c2c1,2.7,405.28,4.02
CHEMBL137082,C=CC(=O)N(CCCN1CCOCC1)c1cc2c(Nc3cccc(Br)c3)ncnc2cn1,2.7,497.4,3.77
CHEMBL305246,Cc1cc(C(=O)N2CCN(C)CC2)[nH]c1/C=C1\C(=O)Nc2ncnc(Nc3ccc(F)c(Cl)c3)c21,2.8,495.95,3.53
CHEMBL417420,Brc1cccc(Nc2ncnc3cnc(NCCCN4CCOCC4)nc23)c1,2.9,444.34,3.06
CHEMBL416307,Cc1cccc(Nc2ncnc3cnc(NCCc4c[nH]cn4)nc23)c1,3.0,346.4,2.85
CHEMBL53156,CNc1ccc2ncnc(Nc3cccc(Br)c3)c2n1,3.1,330.19,3.57
CHEMBL165495,Cc1cccc(Nc2ncnc3cnc(N)cc23)c1,3.1,251.29,2.66
CHEMBL294475,Brc1cccc(Nc2ncnc3cnc(NCCN4CCOCC4)nc23)c1,3.1,430.31,2.67
CHEMBL128987,Brc1cccc(Nc2ncnc3cc(NCCN4CCOCC4)ncc23)c1,3.2,429.32,3.28
CHEMBL340700,CN(CC(O)CO)c1cc2ncnc(Nc3cccc(Br)c3)c2cn1,3.2,404.27,2.32
CHEMBL139307,C=CC(=O)N(CCCN1CCOCC1)c1ccc2ncnc(Nc3cccc(Br)c3)c2c1,3.3,496.41,4.38
CHEMBL39715,COC(=O)CN(C)Cc1c[nH]c2cc3ncnc(Nc4cccc(Br)c4)c3cc12,3.4,454.33,4.22
CHEMBL51659,C=CC(=O)Nc1cc2c(Nc3cccc(Br)c3)ncnc2cn1,3.4,370.21,3.66
CHEMBL36164,OCCN(CCO)Cc1c[nH]c2cc3ncnc(Nc4cccc(Br)c4)c3cc12,3.5,456.34,3.4
CHEMBL340898,Cc1cccc(Nc2ncnc3cc(NCCCn4ccnc4)ncc23)c1,3.5,359.44,3.78
CHEMBL38199,Brc1cccc(Nc2ncnc3cc4c(cnn4CCN4CCOCC4)cc23)c1,3.7,453.34,3.82
CHEMBL40130,Brc1cccc(Nc2ncnc3cc4c(ccn4CCN4CCOCC4)cc23)c1,3.7,452.36,4.42
CHEMBL51854,COc1ncc2ncnc(Nc3cccc(Br)c3)c2n1,3.8,332.16,2.93
CHEMBL166307,CN1CCN(NCCCNc2cc3c(Nc4cccc(Br)c4)ncnc3cn2)CC1,3.9,471.41,3.08
CHEMBL92812,CNc1ccc2c(Nc3cccc(Br)c3)ncnc2c1,4.0,329.2,4.18
CHEMBL545541,COc1cc2ncnc(NCc3ccccc3)c2cc1OC.Cl,4.0,331.8,3.68
CHEMBL29197,COc1cc2ncnc(Nc3cccc(Br)c3)c2cc1OC,4.0,360.21,4.15
CHEMBL52829,Cc1cccc(Nc2ncnc3cnc(N(C)C)nc23)c1,4.0,280.34,2.54
CHEMBL138691,C=CC(=O)N(CCN(C)C)c1cc2c(Nc3cccc(Br)c3)ncnc2cn1,4.2,441.33,3.61
CHEMBL50519,COc1ccc2ncnc(Nc3cccc(Br)c3)c2n1,4.3,331.17,3.54
CHEMBL52591,CNc1ncc2ncnc(Nc3cccc(C)c3)c2n1,4.3,266.31,2.51
CHEMBL345077,C=C[S+]([O-])c1cc2c(Nc3cccc(Br)c3)ncnc2cn1,4.6,375.25,3.78
CHEMBL308645,Cc1cc(CCC(=O)O)[nH]c1/C=C1\C(=O)Nc2ncnc(Nc3ccc(F)c(Cl)c3)c21,4.7,441.85,4.16
CHEMBL36967,Brc1cccc(Nc2ncnc3cc4[nH]cc(CN5CCOCC5)c4cc23)c1,4.8,438.33,4.45
CHEMBL340484,CN1CCN(CCCNc2cc3ncnc(Nc4cccc(Br)c4)c3cn2)CC1,4.9,456.39,3.58
CHEMBL56802,COc1cc2ncnc(Nc3cccc(C)c3)c2cc1OC,5.0,295.34,3.7
CHEMBL56266,CNCC(O)COc1cc2c(Nc3ccc(F)c(Cl)c3)ncnc2cc1OC,5.0,406.85,3.13
CHEMBL299893,COc1cc2ncnc(Nc3ccc(F)c(Cl)c3)c2cc1OCC(O)CN(CCO)CCO,5.0,480.92,2.2
CHEMBL80809,CC(=O)NCCNCc1ccc(-c2cc3ncnc(Nc4ccc5[nH]ccc5c4)c3s2)cc1,5.0,456.58,4.81
CHEMBL53426,Brc1cccc(Nc2ncnc3cnc(NCCc4c[nH]cn4)nc23)c1,5.1,411.27,3.3
CHEMBL289162,O=C(O)Cn1ccc2cc3c(Nc4cccc(Br)c4)ncnc3cc21,5.1,397.23,4.18
CHEMBL338215,Cc1cccc(Nc2ncnc3cc(NCCCCN(C)C)ncc23)c1,5.4,350.47,3.83
CHEMBL126384,Brc1cccc(Nc2ncnc3cc(NCCCCN4CCOCC4)ncc23)c1,5.4,457.38,4.06
CHEMBL341522,Cc1cccc(Nc2ncnc3cc(NCCCN4CCN(C)CC4)ncc23)c1,5.6,391.52,3.13
CHEMBL7917,COc1cc2ncnc(Nc3cccc(Cl)c3)c2cc1OC,6.0,315.76,4.04
CHEMBL56502,COc1cc2ncnc(Nc3ccc(F)c(Cl)c3)c2cc1OCC(O)CN,6.0,392.82,2.87
CHEMBL162719,CN1CCN(c2cc3c(Nc4cccc(Br)c4)ncnc3cn2)CC1,6.4,399.3,3.28
CHEMBL57759,COc1cc2ncnc(Nc3ccc(F)c(Cl)c3)c2cc1OCCN(C)C,7.0,390.85,4.11
CHEMBL340508,NNc1cc2ncnc(Nc3cccc(Br)c3)c2cn1,7.1,331.18,2.82
CHEMBL340399,Cc1cccc(Nc2ncnc3cc(NCCc4c[nH]cn4)ncc23)c1,7.2,345.41,3.45
CHEMBL129825,CN(C)CCCCNc1cc2ncnc(Nc3cccc(Br)c3)c2cn1,7.4,415.34,4.28
CHEMBL39811,CN(C)CCN(C)Cc1c[nH]c2cc3ncnc(Nc4cccc(Br)c4)c3cc12,7.5,453.39,4.61
CHEMBL300217,Nc1ccc2ncnc(Nc3cccc(Br)c3)c2n1,7.6,316.16,3.11
CHEMBL136404,C/C=C/C(=O)Nc1cc2c(Nc3cccc(Br)c3)ncnc2cn1,7.7,384.24,4.05
CHEMBL56912,COCCNCCOc1cc2c(Nc3ccc(F)c(Cl)c3)ncnc2cc1OC,8.0,420.87,3.79
CHEMBL60826,COc1cc2ncnc(Nc3ccc(F)c(Cl)c3)c2cc1OCC(O)Cn1ccnc1,8.0,443.87,3.81
CHEMBL266995,Oc1cc(O)c2c(O)c(-c3cccc(Cl)c3)cnc2c1,8.0,287.7,3.67
CHEMBL293090,CNCCOc1cc2c(Nc3ccc(F)c(Cl)c3)ncnc2cc1OC,8.0,376.82,3.77
CHEMBL162223,Brc1cccc(Nc2ncnc3cnc(NCCc4ccccn4)cc23)c1,8.1,421.3,4.58
CHEMBL126623,Brc1cccc(Nc2ncnc3cc(NCCCN4CCOCC4)ncc23)c1,8.1,443.35,3.67
CHEMBL129824,CN(C)CCCCCNc1cc2ncnc(Nc3cccc(Br)c3)c2cn1,8.4,429.37,4.67
CHEMBL31276,CN(C)C/C=C/C(=O)Nc1cc2c(Nc3cccc(Br)c3)c(C#N)cnc2cn1,8.6,451.33,4.06
CHEMBL93464,C/C=C/C(=O)Nc1ccc2ncnc(Nc3cccc(Br)c3)c2c1,8.7,383.25,4.65
CHEMBL126893,CN(C)CCCNc1cc2ncnc(Nc3cccc(Br)c3)c2cn1,8.8,401.31,3.89
CHEMBL39355,Brc1cccc(Nc2ncnc3cc4c(cnn4CCCN4CCOCC4)cc23)c1,8.8,467.37,4.21
CHEMBL166307,CN1CCN(NCCCNc2cc3c(Nc4cccc(Br)c4)ncnc3cn2)CC1,8.9,471.41,3.08
CHEMBL301018,COc1cc2ncnc(Nc3ccc(F)c(Cl)c3)c2cc1OC,9.0,333.75,4.18
CHEMBL435993,OCCN(CCO)CCNc1cc2ncnc(Nc3cccc(Br)c3)c2cn1,9.2,447.34,2.23
CHEMBL129509,Cc1cccc(Nc2ncnc3cc(NCCCN4CCOCC4)ncc23)c1,9.3,378.48,3.21
CHEMBL357367,CCO.Nc1ccc2sc3c(Nc4ccccc4)ncnc3c2c1,9.4,338.44,4.17
CHEMBL36967,Brc1cccc(Nc2ncnc3cc4[nH]cc(CN5CCOCC5)c4cc23)c1,9.6,438.33,4.45
CHEMBL53796,CN(C)c1ccc2ncnc(Nc3cccc(Br)c3)c2n1,9.6,344.22,3.6
CHEMBL39715,COC(=O)CN(C)Cc1c[nH]c2cc3ncnc(Nc4cccc(Br)c4)c3cc12,9.6,454.33,4.22
CHEMBL287007,CN(C)Cc1c[nH]c2cc3ncnc(Nc4cccc(Br)c4)c3cc12,9.7,396.29,4.68
CHEMBL281300,C=CC(=O)Nc1ccc2ncc(C#N)c(Nc3cccc(Br)c3)c2c1,9.7,393.24,4.74
CHEMBL14699,COc1cc2ncnc(Nc3ccc(F)c(Cl)c3)c2cc1OCCN1CCOCC1,10.0,432.88,3.89
CHEMBL135902,COc1cc2ncnc(Sc3cccc(Cl)c3)c2cc1OC,10.0,332.81,4.45
CHEMBL52076,Nc1cc2ncnc(Nc3cccc(Br)c3)c2cn1,10.0,316.16,3.11
CHEMBL300791,COc1cc2ncnc(Nc3ccc(F)c(Cl)c3)c2cc1OCCN1CCN(C)CC1,10.0,445.93,3.8
CHEMBL95692,COc1nccc(-c2c(-c3ccc(F)cc3)ncn2C2CCNCC2)n1,10.0,353.4,3.08
CHEMBL52076,Nc1cc2ncnc(Nc3cccc(Br)c3)c2cn1,10.0,316.16,3.11
CHEMBL94061,CN(C)C/C=C/C(=O)Nc1ccc2ncnc(Nc3cccc(Br)c3)c2c1,11.0,426.32,4.19
CHEMBL50344,CNc1ccc2ncnc(Nc3cccc(Br)c3)c2c1,11.0,329.2,4.18
CHEMBL134312,CN(C)/N=N/c1ccc2ncnc(Nc3cccc(Br)c3)c2c1,11.0,371.24,4.7
CHEMBL517907,C#Cc1cccc(Nc2ncnc3ccc(OCCCCNCCS(C)(=O)=O)cc23)c1,11.0,438.55,3.15
CHEMBL345294,Brc1cccc(Nc2ncnc3ccsc23)c1,11.0,306.19,4.2
CHEMBL128759,OCCN(CCO)c1cc2ncnc(Nc3cccc(Br)c3)c2cn1,12.0,404.27,2.32
CHEMBL37543,OCC(O)Cn1ncc2cc3c(Nc4cccc(Br)c4)ncnc3cc21,12.0,414.26,2.84
CHEMBL53711,CN(C)c1cc2c(Nc3cccc(Br)c3)ncnc2cn1,12.0,344.22,3.6
CHEMBL53310,CNc1ncc2ncnc(Nc3ccccc3)c2n1,13.0,252.28,2.21
CHEMBL334697,C=CC(=O)N(C)c1cc2c(Nc3cccc(Br)c3)ncnc2cn1,13.0,384.24,3.68
CHEMBL153206,COc1ccc2[nH]c3ncnc(Nc4cccc(Br)c4)c3c2c1,13.0,369.22,4.63
CHEMBL53753,CNc1cc2c(Nc3cccc(Br)c3)ncnc2cn1,13.0,330.19,3.57
CHEMBL39320,Cn1ncc2cc3c(Nc4cccc(Br)c4)ncnc3cc21,13.0,354.21,4.02
CHEMBL136491,CN(C)/N=N/c1ccc2ncnc(Nc3cccc(Cl)c3)c2c1,14.0,326.79,4.59
CHEMBL125568,OCC(CO)Nc1cc2ncnc(Nc3cccc(Br)c3)c2cn1,14.0,390.24,2.3
CHEMBL53428,CN(C)c1cc2ncnc(Nc3cccc(Br)c3)c2cn1,14.0,344.22,3.6
CHEMBL125810,Nc1cc2ncnc(Nc3cccc(C(F)(F)F)c3)c2cn1,15.0,305.26,3.37
CHEMBL53753,CNc1cc2c(Nc3cccc(Br)c3)ncnc2cn1,15.0,330.19,3.57
CHEMBL51853,Nc1cc2c(Nc3cccc(Br)c3)ncnc2cn1,16.0,316.16,3.11
CHEMBL54400,CNc1cc2ncnc(Nc3cccc(Br)c3)c2cn1,16.0,330.19,3.57
CHEMBL40130,Brc1cccc(Nc2ncnc3cc4c(ccn4CCN4CCOCC4)cc23)c1,16.0,452.36,4.42
CHEMBL126903,CN(CC(=O)O)c1cc2ncnc(Nc3cccc(Br)c3)c2cn1,16.0,388.23,3.05
CHEMBL92086,C=C(C)C(=O)Nc1ccc2ncnc(Nc3cccc(Br)c3)c2c1,16.0,383.25,4.65
CHEMBL298931,Cc1cccc(Nc2ncnc3cnc(N)nc23)c1,17.0,252.28,2.05
CHEMBL338049,CN[C@H]1C[C@@H]2O[C@](C)([C@H]1OC)n1c3ccccc3c3c4c(c5c6ccccc6n2c5c31)C(=O)N[C@@H]4O,17.0,482.54,3.84
CHEMBL69966,C#Cc1cccc(Nc2ncnc3c2/C(=C/c2[nH]c(C(=O)NCCN4CCOCC4)cc2C)C(=O)N3)c1,18.0,497.56,2.39
CHEMBL335648,CO[C@H]1[C@@H]([N+](C)(C)C)C[C@@H]2O[C@@]1(C)n1c3ccccc3c3c4c(c5c6ccccc6n2c5c31)C(=O)NC4,19.0,495.6,4.84
CHEMBL165731,Cc1cccc(Nc2ncnc3cnc(NCCN4CCOCC4)cc23)c1,20.0,364.45,2.82
CHEMBL39337,Brc1cccc(Nc2ncnc3cc4[nH]ncc4cc23)c1,20.0,340.18,4.01
CHEMBL135853,COc1cc2ncnc(Oc3cccc(Cl)c3)c2cc1OC,20.0,316.74,4.09
CHEMBL460731,CS(=O)(=O)CCNCCCCOc1ccc2ncnc(Nc3ccc(F)c(Cl)c3)c2c1,20.0,466.97,3.96
CHEMBL53156,CNc1ccc2ncnc(Nc3cccc(Br)c3)c2n1,20.0,330.19,3.57
CHEMBL344177,O=C(/C=C/Cl)Nc1cc2c(Nc3cccc(Br)c3)ncnc2cn1,20.0,404.66,4.22
CHEMBL53711,CN(C)c1cc2c(Nc3cccc(Br)c3)ncnc2cn1,21.0,344.22,3.6
CHEMBL53711,CN(C)c1cc2c(Nc3cccc(Br)c3)ncnc2cn1,21.0,344.22,3.6
CHEMBL53777,CN(C)c1ncc2ncnc(Nc3cccc(Br)c3)c2n1,22.0,345.2,2.99
CHEMBL36727,Cn1ccc2cc3c(Nc4cccc(Br)c4)ncnc3cc21,22.0,353.22,4.63
CHEMBL40734,Brc1cccc(Nc2ncnc3cc4[nH]ccc4cc23)c1,22.0,339.2,4.62
CHEMBL329672,Clc1cccc(Nc2ncnc3ccccc23)c1,23.0,255.71,4.03
CHEMBL939,COc1cc2ncnc(Nc3ccc(F)c(Cl)c3)c2cc1OCCCN1CCOCC1,23.0,446.91,4.28
CHEMBL133023,Cc1cccc(Nc2ncnc3ccc(/N=N/N(C)C)cc23)c1,24.0,306.37,4.24
CHEMBL541586,COc1cc2ncnc(Nc3cccc(F)c3)c2cc1OC.Cl,25.0,335.77,3.95
CHEMBL166255,CN(CCO)CCNc1cc2c(Nc3cccc(Br)c3)ncnc2cn1,27.0,417.31,2.87
CHEMBL139044,C=C/C=C/C(=O)Nc1cc2c(Nc3cccc(Br)c3)ncnc2cn1,27.0,396.25,4.21
CHEMBL290096,Brc1cccc(Nc2ncnc3ccccc23)c1,27.0,300.16,4.14
CHEMBL305194,Cc1cc(C(=O)O)[nH]c1/C=C1\C(=O)Nc2ncnc(Nc3ccc(F)c(Cl)c3)c21,29.0,413.8,3.84
CHEMBL153170,Brc1cccc(Nc2ncnc3ccc4[nH]cnc4c23)c1,29.0,340.18,4.01
CHEMBL540068,COc1cc2ncnc(Nc3cccc(Cl)c3)c2cc1OC.Cl,30.0,352.22,4.47
CHEMBL299622,CNc1ncc2ncnc(Nc3cccc(Br)c3)c2n1,30.0,331.18,2.97
CHEMBL52197,COc1ccc2ncnc(Nc3cccc(Br)c3)c2c1,30.0,330.19,4.14
CHEMBL423224,Brc1cccc(Nc2[nH]cnc3nc4ccccc4c2-3)c1,31.0,339.2,4.57
CHEMBL53796,CN(C)c1ccc2ncnc(Nc3cccc(Br)c3)c2n1,32.0,344.22,3.6
CHEMBL54067,CN(C)CCNc1ncc2ncnc(Nc3cccc(Br)c3)c2n1,35.0,388.27,2.9
CHEMBL157084,CS(=O)(=O)CCNc1nc(-c2ccc3ncnc(Nc4ccc(F)c(Cl)c4)c3c2)cs1,35.0,477.97,4.75
CHEMBL56505,COc1cc2ncnc(Nc3ccc(F)c(Cl)c3)c2cc1OCCN(CCO)CCO,35.0,450.9,2.84
CHEMBL355982,Brc1cccc(Nc2ncnc3sccc23)c1,35.0,306.19,4.2
CHEMBL128987,Brc1cccc(Nc2ncnc3cc(NCCN4CCOCC4)ncc23)c1,36.0,429.32,3.28
CHEMBL30973,CN(C)C/C=C/C(=O)Nc1ccc2ncc(C#N)c(Nc3cccc(Br)c3)c2c1,37.2,450.34,4.67
CHEMBL440453,COc1cc(O)c2c(O)c(-c3cccc(Cl)c3)cnc2c1,38.0,301.73,3.98
CHEMBL137534,CN(C)CC/N=N/Nc1ccc2ncnc(Nc3cccc(Br)c3)c2c1,38.0,414.31,4.48
CHEMBL137617,C/N=N/Nc1ccc2ncnc(Nc3cccc(Br)c3)c2c1,39.0,357.22,4.54
CHEMBL124673,Nc1cc2ncnc(Nc3cccc([N+](=O)[O-])c3)c2cn1,40.0,282.26,2.26
CHEMBL69966,C#Cc1cccc(Nc2ncnc3c2/C(=C/c2[nH]c(C(=O)NCCN4CCOCC4)cc2C)C(=O)N3)c1,40.0,497.56,2.39
CHEMBL287832,CN(C)CCn1ncc2cc3c(Nc4cccc(Br)c4)ncnc3cc21,40.0,411.31,4.05
CHEMBL346863,Brc1cccc(Nc2ncnc3c2sc2ncsc23)c1.CO,40.0,395.31,4.42
CHEMBL126137,CN(C)CCN(C)c1cc2ncnc(Nc3cccc(Br)c3)c2cn1,40.0,401.31,3.53
CHEMBL331792,Cc1cccc(Nc2ncnc3cc(N)ncc23)c1,40.0,251.29,2.66
CHEMBL69960,Cc1cc(C(=O)N2CCOCC2)[nH]c1/C=C1\C(=O)Nc2ncnc(Nc3ccc(F)c(Cl)c3)c21,40.0,482.9,3.61
CHEMBL37373,CN(C)CCn1ccc2cc3c(Nc4cccc(Br)c4)ncnc3cc21,41.0,410.32,4.65
CHEMBL68920,Cc1cc(C)c(/C=C2\C(=O)Nc3ncnc(Nc4ccc(F)c(Cl)c4)c32)[nH]1,41.0,383.81,4.45
CHEMBL52765,Nc1ccc2ncnc(Nc3cccc(Br)c3)c2c1,44.0,315.17,3.72
CHEMBL138363,C=C(C)C(=O)Nc1cc2c(Nc3cccc(Br)c3)ncnc2cn1,44.0,384.24,4.05
CHEMBL517907,C#Cc1cccc(Nc2ncnc3ccc(OCCCCNCCS(C)(=O)=O)cc23)c1,45.0,438.55,3.15
CHEMBL128432,CN(C)CCNc1cc2ncnc(Nc3cccc(Br)c3)c2cn1,45.0,387.29,3.5
CHEMBL416611,OCC(O)Cn1ccc2cc3c(Nc4cccc(Br)c4)ncnc3cc21,49.0,413.28,3.44
CHEMBL57990,COc1cc2ncnc(Nc3ccc(F)c(Cl)c3)c2cc1OCCCN(C)C,49.0,404.87,4.51
CHEMBL555321,Cl.Clc1cccc(Nc2ncnc3ccccc23)c1,50.0,292.17,4.45
CHEMBL281872,COc1cc2c(Nc3ccc(Br)cc3F)ncnc2cc1OCCn1ccnn1,50.0,459.28,3.95
CHEMBL542484,COc1cc2ncnc(Nc3ccccc3)c2cc1OC.Cl,50.0,317.78,3.81
CHEMBL422292,CCOC(=O)/C=C/C(=O)Nc1cc2c(Nc3cccc(Br)c3)ncnc2cn1,51.0,442.27,3.59
CHEMBL300217,Nc1ccc2ncnc(Nc3cccc(Br)c3)c2n1,53.0,316.16,3.11
CHEMBL36819,O=C(O)Cn1ncc2cc3c(Nc4cccc(Br)c4)ncnc3cc21,53.0,398.22,3.57
CHEMBL334801,CN(C)CCCNC(=O)/C=C/C(=O)Nc1cc2c(Nc3cccc(Br)c3)ncnc2cn1,57.0,498.39,3.09
CHEMBL334801,CN(C)CCCNC(=O)/C=C/C(=O)Nc1cc2c(Nc3cccc(Br)c3)ncnc2cn1,57.0,498.39,3.09
CHEMBL544868,Cl.O=[N+]([O-])c1ccc2sc3c(Nc4ccccc4)ncnc3c2c1,58.0,358.81,4.92
CHEMBL345109,CN(C)CCCNC(=O)/C=C/C(=O)Nc1ccc2ncnc(Nc3cccc(Br)c3)c2c1,59.0,497.4,3.7
CHEMBL345109,CN(C)CCCNC(=O)/C=C/C(=O)Nc1ccc2ncnc(Nc3cccc(Br)c3)c2c1,59.0,497.4,3.7
CHEMBL294395,COCCN(CCOC)CCOc1cc2c(Nc3ccc(F)c(Cl)c3)ncnc2cc1OC,61.0,478.95,4.15
CHEMBL344486,CCOC(=O)/C=C/C(=O)Nc1ccc2ncnc(Nc3cccc(Br)c3)c2c1,64.0,441.29,4.19
CHEMBL7866,COC(=O)Cn1cc(-c2cccc(Cl)c2)c(=O)c2c(O)cc(OC)cc21,64.0,373.79,3.21
CHEMBL137364,Brc1cccc(Nc2ncnc3ccc(N/N=N/CCN4CCOCC4)cc23)c1,64.0,456.35,4.25
CHEMBL294034,COc1cc2ncnc(Nc3ccc(F)c(Cl)c3)c2cc1OCCn1ccnc1,66.0,413.84,4.45
CHEMBL1788321,COc1cc2ncnc(Nc3ccc(F)c(Cl)c3)c2cc1OC[C@H](O)CN1CCOCC1,67.0,462.91,3.25
CHEMBL15202,COc1ccc2ncnc(Nc3ccc(OCc4ccccc4)cc3)c2c1,68.0,357.41,4.96
CHEMBL56027,COc1cc2ncnc(Nc3ccc(F)c(Cl)c3)c2cc1OCCNC(C)(CO)CO,69.0,450.9,2.89
CHEMBL98798,COc1cc2ncnc(Oc3cccc(Br)c3)c2cc1OC,70.0,361.2,4.2
CHEMBL29197,COc1cc2ncnc(Nc3cccc(Br)c3)c2cc1OC,70.0,360.21,4.15
CHEMBL123322,Nc1cc2ncnc(Nc3cccc(O)c3)c2cn1,70.0,253.27,2.06
CHEMBL460731,CS(=O)(=O)CCNCCCCOc1ccc2ncnc(Nc3ccc(F)c(Cl)c3)c2c1,71.0,466.97,3.96
CHEMBL136674,COCC/N=N/Nc1ccc2ncnc(Nc3cccc(Br)c3)c2c1,71.0,401.27,4.56
CHEMBL165630,OCCN(CCO)CCNc1cc2c(Nc3cccc(Br)c3)ncnc2cn1,71.0,447.34,2.23
CHEMBL31965,C=CC(=O)Nc1cc2c(Nc3ccc(F)c(Cl)c3)ncnc2cc1OCCCN1CCOCC1,74.0,485.95,4.39
CHEMBL1744347,COc1cc2c(Nc3ccc(Cl)cc3F)ncnc2cc1OCCCN1CCN(C)CC1.Cl,75.0,496.41,4.61
CHEMBL39355,Brc1cccc(Nc2ncnc3cc4c(cnn4CCCN4CCOCC4)cc23)c1,77.0,467.37,4.21
CHEMBL169390,Nc1ncnc2c1c(-c1cccc(O)c1)cn2C1CCCC1,80.0,294.36,3.5
CHEMBL39811,CN(C)CCN(C)Cc1c[nH]c2cc3ncnc(Nc4cccc(Br)c4)c3cc12,81.0,453.39,4.61
CHEMBL53311,Clc1ncc2ncnc(Nc3cccc(Br)c3)c2n1,82.0,336.58,3.58
CHEMBL97162,COc1nccc(-c2c(-c3ccc(F)cc3)ncn2[C@H]2CC[C@H](O)CC2)n1,83.0,368.41,3.63
CHEMBL52015,CN(C)c1ccc2ncnc(Nc3cccc(Br)c3)c2c1,84.0,343.23,4.2
CHEMBL152905,Nc1ccc2sc3c(Nc4cccc(Br)c4)ncnc3c2c1,86.0,371.26,4.93
CHEMBL281300,C=CC(=O)Nc1ccc2ncc(C#N)c(Nc3cccc(Br)c3)c2c1,86.9,393.24,4.74
CHEMBL57758,COc1cc2ncnc(Nc3ccc(F)c(Cl)c3)c2cc1OCCN1CCCC1,87.0,416.88,4.65
CHEMBL327127,Cn1c(=O)c(-c2c(Cl)cccc2Cl)cc2cnc(Nc3cccc(CO)c3)nc21,90.0,427.29,4.54
CHEMBL338625,Nc1cc2ncnc(Nc3ccc(Br)cc3)c2cn1,90.0,316.16,3.11
CHEMBL116853,COc1cc2ncc(C#N)c(Nc3cccc(Br)c3)c2cc1NC(=O)C#CCN(C)C,90.0,478.35,4.12
CHEMBL293064,CCN(CC)CCOc1cc2c(Nc3ccc(F)c(Cl)c3)ncnc2cc1OC,93.0,418.9,4.9
CHEMBL335440,O=S(=O)(CCO)c1cc2c(Nc3cccc(Br)c3)ncnc2cn1,93.5,409.27,2.3
CHEMBL7827,O=c1c(-c2cccc(Cl)c2)coc2cc(O)cc(O)c12,95.0,288.69,3.52
CHEMBL1744086,COc1cc2ncnc(Nc3ccc(F)c(Cl)c3)c2cc1OC[C@@H](O)CN1CCOCC1,95.0,462.91,3.25
CHEMBL14932,Oc1ccc2ncnc(Nc3ccc(OCc4ccccc4)cc3)c2c1,98.0,343.39,4.66
CHEMBL155278,Cc1cccc(Nc2ncnc3c2sc2ccc(N)cc23)c1,98.0,306.39,4.48
CHEMBL286160,COCCOc1cc2ncnc(Nc3ccc(Cl)cc3F)c2cc1OC,100.0,377.8,4.2
CHEMBL133024,C/N=N/Nc1ccc2ncnc(Nc3cccc(Cl)c3)c2c1,100.0,312.76,4.44
CHEMBL2448064,COc1cc2c(Nc3ccc(Cl)cc3F)ncnc2cc1OCC1CCNCC1.Cl,100.0,453.35,4.97
CHEMBL24828,COc1cc2/c(=N/c3ccc(Br)cc3F)nc[nH]c2cc1OCC1CCN(C)CC1,100.0,475.36,4.43
CHEMBL388978,CN[C@@H]1C[C@H]2O[C@@](C)([C@@H]1OC)n1c3ccccc3c3c4c(c5c6ccccc6n2c5c31)C(=O)NC4,100.0,466.54,4.35
CHEMBL305246,Cc1cc(C(=O)N2CCN(C)CC2)[nH]c1/C=C1\C(=O)Nc2ncnc(Nc3ccc(F)c(Cl)c3)c21,100.0,495.95,3.53
CHEMBL286160,COCCOc1cc2ncnc(Nc3ccc(Cl)cc3F)c2cc1OC,100.0,377.8,4.2
CHEMBL24137,COc1cc2c(Nc3ccc(Cl)cc3F)ncnc2cc1OCCCN1CCOCC1,100.0,446.91,4.28
CHEMBL1907763,COc1cc2c(Nc3ccc(Cl)cc3F)ncnc2cc1OC[C@@H]1CCCN(C)C1,100.0,430.91,4.9
CHEMBL56543,N#C/C(=C\c1ccc(O)c(O)c1)C(=O)NCc1ccccc1,100.0,294.31,2.32
CHEMBL1744347,COc1cc2c(Nc3ccc(Cl)cc3F)ncnc2cc1OCCCN1CCN(C)CC1.Cl,100.0,496.41,4.61
CHEMBL57892,COc1cc2ncnc(Nc3ccc(F)c(Cl)c3)c2cc1OCCNC(C)(C)C,100.0,418.9,4.94
CHEMBL542729,COc1ccc2ncnc(Nc3cc(OC)c(OC)c(OC)c3)c2c1.Cl,100.0,377.83,3.83
CHEMBL555201,COc1cc2ncnc(Nc3ccc(O)cc3)c2cc1OC.Cl,100.0,333.78,3.52
CHEMBL140561,CN(C)CCCOC(=O)/C=C/C(=O)Nc1ccc2ncnc(Nc3cccc(Br)c3)c2c1,108.0,498.38,4.13
CHEMBL140561,CN(C)CCCOC(=O)/C=C/C(=O)Nc1ccc2ncnc(Nc3cccc(Br)c3)c2c1,108.0,498.38,4.13
CHEMBL52076,Nc1cc2ncnc(Nc3cccc(Br)c3)c2cn1,110.0,316.16,3.11
CHEMBL165228,Cc1nc(Nc2cccc(Br)c2)c2cc(NCCN3CCOCC3)ncc2n1,117.0,443.35,3.58
CHEMBL124528,Nc1cc2ncnc(Nc3cccc(Cl)c3)c2cn1,120.0,271.71,3.0
CHEMBL7917,COc1cc2ncnc(Nc3cccc(Cl)c3)c2cc1OC,120.0,315.76,4.04
CHEMBL343722,C=C=CC(=O)Nc1ccc2ncnc(Nc3cccc(Br)c3)c2c1,120.0,381.23,4.42
CHEMBL30973,CN(C)C/C=C/C(=O)Nc1ccc2ncc(C#N)c(Nc3cccc(Br)c3)c2c1,122.9,450.34,4.67
CHEMBL76589,N#CC(C#N)=C(N)/C(C#N)=C/c1ccc(O)cc1,125.0,236.23,1.56
CHEMBL334173,COc1cccc(Nc2ncnc3cc(N)ncc23)c1,130.0,267.29,2.36
CHEMBL36164,OCCN(CCO)Cc1c[nH]c2cc3ncnc(Nc4cccc(Br)c4)c3cc12,135.0,456.34,3.4
CHEMBL37373,CN(C)CCn1ccc2cc3c(Nc4cccc(Br)c4)ncnc3cc21,145.0,410.32,4.65
CHEMBL345988,Nc1nc(Nc2cccc(Br)c2)c2c(n1)[nH]c1ccccc12,147.0,354.21,4.2
CHEMBL1907763,COc1cc2c(Nc3ccc(Cl)cc3F)ncnc2cc1OC[C@@H]1CCCN(C)C1,150.0,430.91,4.9
CHEMBL321193,Cn1c(=O)c(-c2c(Cl)cccc2Cl)cc2cnc(Nc3cccc(O)c3)nc21,150.0,413.26,4.75
CHEMBL137082,C=CC(=O)N(CCCN1CCOCC1)c1cc2c(Nc3cccc(Br)c3)ncnc2cn1,156.0,497.4,3.77
CHEMBL69960,Cc1cc(C(=O)N2CCOCC2)[nH]c1/C=C1\C(=O)Nc2ncnc(Nc3ccc(F)c(Cl)c3)c21,170.0,482.9,3.61
CHEMBL263528,NC(=O)CN1CCC(n2cc(-c3cccc(O)c3)c3c(N)ncnc32)CC1,170.0,366.43,1.51
CHEMBL7819,COc1cc(O)c2c(=O)c(-c3cccc(Cl)c3)cn(C)c2c1,170.0,315.76,3.57
CHEMBL552859,C=C(CN(C)C)C(=O)c1ccc(OCc2ccccc2)cc1.Cl,180.0,331.84,3.99
CHEMBL305782,Cc1[nH]c(/C=C2\C(=O)Nc3ncnc(Nc4ccc(F)c(Cl)c4)c32)c(C)c1CCC(=O)O,180.0,455.88,4.47
CHEMBL111038,COc1cc2ncc(C#N)c(Nc3cccc(Br)c3)c2cc1OC,190.0,384.23,4.63
CHEMBL109631,Cn1c(=O)c(-c2c(Cl)cccc2Cl)cc2cnc(Nc3cccc(C(=O)O)c3)nc21,190.0,441.27,4.74
CHEMBL153419,c1ccc(CNc2ncnc3c2sc2ccccc23)cc1,191.0,291.38,4.46
CHEMBL38199,Brc1cccc(Nc2ncnc3cc4c(cnn4CCN4CCOCC4)cc23)c1,192.0,453.34,3.82
CHEMBL139307,C=CC(=O)N(CCCN1CCOCC1)c1ccc2ncnc(Nc3cccc(Br)c3)c2c1,194.0,496.41,4.38
CHEMBL1202473,COc1cc2c(Nc3cc(O)c(C)cc3F)ncnc2cc1OCC1CCN(C)CC1.Cl,200.0,462.95,4.68
CHEMBL137189,C/N=N/Nc1ccc2ncnc(Nc3cccc(C)c3)c2c1,200.0,292.35,4.09
CHEMBL283088,COc1cc2c(Nc3ccc(Cl)cc3F)ncnc2cc1OCCN1CCN(C)CC1,200.0,445.93,3.8
CHEMBL283088,COc1cc2c(Nc3ccc(Cl)cc3F)ncnc2cc1OCCN1CCN(C)CC1,200.0,445.93,3.8
CHEMBL337026,CN[C@H]1C[C@@H]2O[C@](C)([C@H]1OC)n1c3ccccc3c3c4c(c5c6ccccc6n2c5c31)C(=O)NC4=O,200.0,480.52,3.99
CHEMBL24828,COc1cc2/c(=N/c3ccc(Br)cc3F)nc[nH]c2cc1OCC1CCN(C)CC1,200.0,475.36,4.43
CHEMBL343352,Nc1ccc2ncnc(Nc3cccc(Cl)c3)c2c1,200.0,270.72,3.61
CHEMBL24137,COc1cc2c(Nc3ccc(Cl)cc3F)ncnc2cc1OCCCN1CCOCC1,200.0,446.91,4.28
CHEMBL69964,Cc1cc(/C=C2\C(=O)Nc3ncnc(Nc4ccc(F)c(Cl)c4)c32)[nH]c1C(=O)N1CCN(C)CC1,210.0,495.95,3.53
CHEMBL30432,CN(C)c1cc2c(Nc3ccc4c(cnn4Cc4ccccc4)c3)ncnc2cn1,210.0,395.47,4.23
CHEMBL104244,CN1CCN(CCCCNc2ncc3cc(-c4c(Cl)cccc4Cl)c(=O)n(C)c3n2)CC1,210.0,475.42,3.74
CHEMBL50647,Cn1c(=O)c(-c2c(Cl)cccc2Cl)cc2cnc(Nc3ccc(CC(=O)O)cc3)nc21,220.0,455.3,4.67
CHEMBL126372,OCC(O)CNc1cc2ncnc(Nc3cccc(Br)c3)c2cn1,227.0,390.24,2.3
CHEMBL80030,C=C(CN(C)C)C(=O)c1ccc(OS(=O)(=O)c2ccc(C(=O)O)cc2)cc1,230.0,389.43,2.45
CHEMBL163369,OCCN(CCO)CCCNc1cc2c(Nc3cccc(Br)c3)ncnc2cn1,230.0,461.36,2.62
CHEMBL332846,Nc1cc2ncnc(NCc3ccccc3N)c2cn1,230.0,266.31,1.8
CHEMBL122132,Nc1cc2ncnc(Nc3ccccc3Br)c2cn1,240.0,316.16,3.11
CHEMBL169570,Nc1ncnc2c1c(-c1ccc(O)cc1)cn2C1CCCC1,250.0,294.36,3.5
CHEMBL122534,Nc1cc2ncnc(Nc3ccccc3)c2cn1,250.0,237.27,2.35
CHEMBL542733,COc1ccc(Nc2ncnc3cc(OC)c(OC)cc23)cc1.Cl,250.0,347.8,3.82
CHEMBL283682,CC#CC(=O)Nc1ccc2ncc(C#N)c(Nc3cccc(Br)c3)c2c1,258.9,405.26,4.57
CHEMBL338155,CN[C@H]1C[C@@H]2O[C@](C)([C@H]1OC)n1c3ccccc3c3c4c(c5c6ccccc6n2c5c31)[C@H](O)NC4=O,260.0,482.54,3.84
CHEMBL125550,Nc1cc2ncnc(Nc3cccc(I)c3)c2cn1,260.0,363.16,2.96
CHEMBL287832,CN(C)CCn1ncc2cc3c(Nc4cccc(Br)c4)ncnc3cc21,262.0,411.31,4.05
CHEMBL150280,c1ccc(Nc2[nH]cnc3nc4ccccc4c2-3)cc1,264.0,260.3,3.81
CHEMBL155100,Brc1cccc(Nc2ncnc3c2ccc2[nH]cnc23)c1,272.0,340.18,4.01
CHEMBL168661,COc1cccc(-c2cn(C3CCN(CCN(C)CCO)CC3)c3ncnc(N)c23)c1,295.0,424.55,2.25
CHEMBL1202473,COc1cc2c(Nc3cc(O)c(C)cc3F)ncnc2cc1OCC1CCN(C)CC1.Cl,300.0,462.95,4.68
CHEMBL268868,O=C1NC(=O)c2cc(Nc3ccccc3)c(Nc3ccccc3)cc21,300.0,329.36,4.06
CHEMBL542891,CCOC(=O)C1CCN(CCC(=O)c2ccc(OCc3ccccc3)cc2)CC1.Cl,300.0,431.96,4.54
CHEMBL68920,Cc1cc(C)c(/C=C2\C(=O)Nc3ncnc(Nc4ccc(F)c(Cl)c4)c32)[nH]1,300.0,383.81,4.45
CHEMBL25610,COc1cc2c(Nc3ccc(Cl)cc3F)ncnc2cc1OCCN1CCOCC1,300.0,432.88,3.89
CHEMBL2448064,COc1cc2c(Nc3ccc(Cl)cc3F)ncnc2cc1OCC1CCNCC1.Cl,300.0,453.35,4.97
CHEMBL355330,Nc1ncnc2c1c(-c1cccc(O)c1)cn2C1CCC1,300.0,280.33,3.11
CHEMBL55794,COc1cc2ncnc(Nc3ccc(F)c(Cl)c3)c2cc1OCCNC(C)C,310.0,404.87,4.55
CHEMBL30973,CN(C)C/C=C/C(=O)Nc1ccc2ncc(C#N)c(Nc3cccc(Br)c3)c2c1,310.0,450.34,4.67
CHEMBL172514,COCCNCCN1CCC(n2cc(-c3cccc(OC)c3)c3c(N)ncnc32)CC1,310.0,424.55,2.56
CHEMBL37543,OCC(O)Cn1ncc2cc3c(Nc4cccc(Br)c4)ncnc3cc21,318.0,414.26,2.84
CHEMBL414631,COCOC#CC(=O)Nc1ccc2ncc(C#N)c(Nc3cccc(Br)c3)c2c1,330.0,451.28,4.13
CHEMBL354310,COc1cccc(-c2cn(C3CC(C(=O)NCCO)C3)c3ncnc(N)c23)c1,330.0,381.44,1.75
CHEMBL31876,CC#CC(=O)Nc1ccc2ncc(C#N)c(Nc3ccc(F)c(Cl)c3)c2c1,330.2,378.79,4.6
CHEMBL137788,C/N=N/Nc1ccc2ncnc(NCc3ccccc3)c2c1,335.0,292.35,3.65
CHEMBL345077,C=C[S+]([O-])c1cc2c(Nc3cccc(Br)c3)ncnc2cn1,340.0,375.25,3.78
CHEMBL289959,c1ccc(Nc2ncnc3ccccc23)cc1,346.0,221.26,3.37
CHEMBL544833,COc1ccc(Nc2ncnc3cc(OC)c(OC)cc23)cc1OC.Cl,350.0,377.83,3.83
CHEMBL169064,COc1cccc(-c2cn(C3CCN(CC(N)=O)CC3)c3ncnc(N)c23)c1,350.0,380.45,1.81
CHEMBL176705,COc1ccc(-c2cn(-c3ccccc3)c3ncnc(N)c23)cc1,350.0,316.36,3.68
CHEMBL552860,CN(C)CCC(=O)c1ccc(OCc2ccccc2)c(O)c1.Cl,360.0,335.83,3.53
CHEMBL98248,COc1cc2nccc(Nc3cccc(Br)c3)c2cc1OC,370.0,359.22,4.76
CHEMBL56393,N#C/C(=C\c1ccc(O)c(O)c1)C(=O)c1ccc(O)c(O)c1,370.0,297.27,2.3
CHEMBL281467,C=CC(=O)Nc1cnc2ncc(C#N)c(Nc3cccc(Br)c3)c2c1,374.8,394.23,4.13
CHEMBL356324,N#C/C(=C\c1ccc(O)c(O)c1)S(=O)(=O)/C(C#N)=C/c1ccc(O)c(O)c1,380.0,384.37,2.35
CHEMBL52823,Cc1cccc(Nc2ncnc3cnc(Cl)nc23)c1,380.0,271.71,3.13
CHEMBL116595,COc1cc(/C=C(\C#N)C(N)=O)cc(CSc2ccccc2)c1O,398.11,340.4,3.09
CHEMBL408683,NC(=O)CN1CCC(n2cc(-c3cccc(O)c3)c3c(N)ncnc32)C1,400.0,352.4,1.12
CHEMBL25610,COc1cc2c(Nc3ccc(Cl)cc3F)ncnc2cc1OCCN1CCOCC1,400.0,432.88,3.89
CHEMBL279459,COc1cc2c(Nc3c(F)cc(Br)cc3F)ncnc2cc1OCC1CCNCC1,400.0,479.33,4.8
CHEMBL281872,COc1cc2c(Nc3ccc(Br)cc3F)ncnc2cc1OCCn1ccnn1,400.0,459.28,3.95
CHEMBL281990,COc1cc2c(Nc3ccc(C)cc3F)ncnc2cc1OCC1CCN(C)CC1,400.0,410.49,4.55
CHEMBL304971,Cc1c(C(=O)N2CCN(C)CC2)c[nH]c1/C=C1\C(=O)Nc2ncnc(Nc3ccc(F)c(Cl)c3)c21,410.0,495.95,3.53
CHEMBL2093928,C[C@H](Nc1[nH]cnc2c3ccccc3nc1-2)c1ccccc1.Cl,419.0,324.81,4.66
CHEMBL352801,COc1cccc(-c2cn(C3CC(CO)C3)c3ncnc(N)c23)c1,420.0,324.38,2.63
CHEMBL69960,Cc1cc(C(=O)N2CCOCC2)[nH]c1/C=C1\C(=O)Nc2ncnc(Nc3ccc(F)c(Cl)c3)c21,440.0,482.9,3.61
CHEMBL171311,Nc1ncnc2c1c(-c1ccccc1)cn2C(CO)Cc1ccccc1,440.0,344.42,3.46
CHEMBL355322,COc1cccc(-c2cn(C3CCN(CC(N)=O)C3)c3ncnc(N)c23)c1,440.0,366.43,1.42
CHEMBL428534,COc1cc2c(Nc3ccc(C)cc3F)ncnc2cc1OCC1CCNCC1,450.0,396.47,4.21
CHEMBL279459,COc1cc2c(Nc3c(F)cc(Br)cc3F)ncnc2cc1OCC1CCNCC1,450.0,479.33,4.8
CHEMBL355191,COc1cccc(-c2cn(C3CCC3)c3ncnc(N)c23)c1,450.0,294.36,3.41
CHEMBL57366,CC(C)(C)NC(=O)Nc1nc2nc(N)ncc2cc1-c1c(Cl)cccc1Cl,450.0,405.29,4.5
CHEMBL5173075,c1ccc(CNc2ncnc3c2[nH]c2ccccc23)cc1,460.0,274.33,3.72
CHEMBL168382,COc1cccc(-c2cn(C3CCCC3)c3ncnc(N)c23)c1,460.0,308.38,3.8
CHEMBL310580,C=C(CN(C)C)C(=O)c1ccc(OS(=O)(=O)c2ccc(C(=O)O)c(O)c2)cc1,470.0,405.43,2.16
CHEMBL137027,CN(C)/N=N/c1ccc2ncnc(NCc3ccccc3)c2c1,482.0,306.37,3.8
CHEMBL168550,COc1cccc(-c2cn(C3CC(CNCCO)C3)c3ncnc(N)c23)c1,490.0,367.45,2.22
CHEMBL448154,CCn1c(=O)c(-c2c(Cl)cccc2Cl)cc2cnc(Nc3ccncc3)nc21,490.0,412.28,4.92
CHEMBL345988,Nc1nc(Nc2cccc(Br)c2)c2c(n1)[nH]c1ccccc12,493.0,354.21,4.2
CHEMBL352954,Nc1ncnc2c1c(-c1ccccc1)cn2C1CCCC1,500.0,278.36,3.8
CHEMBL428534,COc1cc2c(Nc3ccc(C)cc3F)ncnc2cc1OCC1CCNCC1,500.0,396.47,4.21
CHEMBL336264,C=CS(=O)(=O)c1cc2c(Nc3cccc(Br)c3)ncnc2cn1,500.0,391.25,3.45
CHEMBL25450,COc1cc2c(Nc3c(F)cc(Cl)cc3F)ncnc2cc1OCC1CCNCC1,500.0,434.87,4.69
CHEMBL63356,Oc1cc2cc(-c3cccnc3)cnc2cc1O,500.0,238.25,2.71
CHEMBL134371,O=C(O)/C=C/C(=O)Nc1ccc2ncnc(Nc3cccc(Br)c3)c2c1,500.0,413.23,3.72
CHEMBL172973,COc1cccc(-c2cn(-c3ccccc3)c3ncnc(N)c23)c1,500.0,316.36,3.68
CHEMBL543904,COc1cc2ncnc(Nc3cc(OC)c(OC)c(OC)c3)c2cc1OC.Cl,500.0,407.85,3.84
CHEMBL169920,CN(C)C(=O)CN1CCC(n2cc(-c3cccc(O)c3)c3c(N)ncnc32)CC1,500.0,394.48,2.11
CHEMBL77803,N#CC(C#N)=C(N)/C(C#N)=C/c1cc(O)c(O)c(Br)c1,500.0,331.13,2.03
CHEMBL56543,N#C/C(=C\c1ccc(O)c(O)c1)C(=O)NCc1ccccc1,501.19,294.31,2.32
CHEMBL332096,Nc1ccc2ncnc(NCc3ccccc3)c2c1,508.0,250.31,2.82
CHEMBL325589,Cn1c(=O)c(-c2c(Cl)cccc2Cl)cc2cnc(Nc3cccnc3)nc21,510.0,398.25,4.44
CHEMBL939,COc1cc2ncnc(Nc3ccc(F)c(Cl)c3)c2cc1OCCCN1CCOCC1,515.0,446.91,4.28
CHEMBL157084,CS(=O)(=O)CCNc1nc(-c2ccc3ncnc(Nc4ccc(F)c(Cl)c4)c3c2)cs1,570.0,477.97,4.75
CHEMBL170724,COc1ccc(-c2cn(C3CCCC3)c3ncnc(N)c23)cc1,570.0,308.38,3.8
CHEMBL300083,Nc1cc2ncnc(NCc3ccccc3)c2cn1,580.0,251.29,2.22
CHEMBL289213,CN(CC(=O)O)Cc1c[nH]c2cc3ncnc(Nc4cccc(Br)c4)c3cc12,584.0,440.3,4.13
CHEMBL281300,C=CC(=O)Nc1ccc2ncc(C#N)c(Nc3cccc(Br)c3)c2c1,590.0,393.24,4.74
CHEMBL166765,Nc1ncnc2c1c(-c1ccc(O)cc1)cn2C1CCC1,600.0,280.33,3.11
CHEMBL442749,c1nc(Nc2ccc3[nH]ccc3c2)c2sccc2n1,600.0,266.33,3.92
CHEMBL25450,COc1cc2c(Nc3c(F)cc(Cl)cc3F)ncnc2cc1OCC1CCNCC1,600.0,434.87,4.69
CHEMBL555797,COc1cc2ncnc(Nc3ccc4c(c3)CCC4)c2cc1OC.Cl,600.0,357.84,4.3
CHEMBL57323,Cc1cccc(C)c1-c1cc2cnc(N)nc2nc1NC(=O)NC(C)(C)C,610.0,364.45,3.81
CHEMBL293749,N#C/C(=C\c1ccc(O)c(O)c1)C(=O)NCCc1ccccc1,616.6,308.34,2.36
CHEMBL69966,C#Cc1cccc(Nc2ncnc3c2/C(=C/c2[nH]c(C(=O)NCCN4CCOCC4)cc2C)C(=O)N3)c1,620.0,497.56,2.39
CHEMBL293749,N#C/C(=C\c1ccc(O)c(O)c1)C(=O)NCCc1ccccc1,625.0,308.34,2.36
CHEMBL423224,Brc1cccc(Nc2[nH]cnc3nc4ccccc4c2-3)c1,630.0,339.2,4.57
CHEMBL432428,N#C/C(=C\c1cc(O)c(O)c(CSCc2ccccc2)c1)C(N)=O,645.65,340.4,2.92
CHEMBL323630,CN(C)C/C=C/C(=O)Nc1ccc2ncc(C#N)c(Nc3ccc(F)c(Cl)c3)c2c1,650.0,423.88,4.7
CHEMBL542887,C=C(CN(C)C)C(=O)c1ccc(OCc2ccccc2)c(O)c1.Cl,670.0,347.84,3.69
CHEMBL128001,COc1ccc(Nc2ncnc3cc(N)ncc23)cc1,670.0,267.29,2.36
CHEMBL176309,Nc1ncnc2c1c(-c1cccc(Cl)c1)cn2-c1ccccc1,700.0,320.78,4.32
CHEMBL367442,Nc1ncnc2c1c(-c1ccccc1)cn2-c1ccc(CO)cc1,700.0,316.36,3.16
CHEMBL67027,COc1ccc(/C=C(\C#N)c2cccnc2)cc1OC,700.0,266.3,3.16
CHEMBL53898,N#C/C(=C\c1ccc(O)c(O)c1)C(=O)NCCCc1ccccc1,700.0,322.36,2.75
CHEMBL7939,O=C1NC(=O)c2cc(Nc3ccc(F)cc3)c(Nc3ccc(F)cc3)cc21,700.0,365.34,4.34
CHEMBL552634,C=C(CN(C)C)C(=O)c1ccc(OS(=O)(=O)c2ccc(C(=O)N(C)C)cc2)cc1.Cl,700.0,452.96,2.88
CHEMBL119987,COc1cc(/C=C(\C#N)C(N)=O)cc(CSc2ccccc2C(=O)O)c1O,707.95,384.41,2.78
CHEMBL53898,N#C/C(=C\c1ccc(O)c(O)c1)C(=O)NCCCc1ccccc1,707.95,322.36,2.75
CHEMBL166766,Nc1ncnc2c1c(-c1ccccc1)cn2C1CCC1,730.0,264.33,3.41
CHEMBL153409,Brc1cccc(Nc2ncnc3c2sc2ncccc23)c1,732.0,357.24,4.75
CHEMBL149512,Brc1cccc(Nc2ncnc3c2oc2ccccc23)c1,740.0,340.18,4.88
CHEMBL355019,COC(=O)CN1CCC(n2cc(-c3cccc(O)c3)c3c(N)ncnc32)C1,740.0,367.41,1.81
CHEMBL152984,Cn1c2ccccc2c2c(Nc3cccc(Br)c3)ncnc21,742.0,353.22,4.63
CHEMBL355269,COc1cccc(-c2cn(C3CCN(CC(=O)N(C)C)CC3)c3ncnc(N)c23)c1,750.0,408.51,2.41
CHEMBL305246,Cc1cc(C(=O)N2CCN(C)CC2)[nH]c1/C=C1\C(=O)Nc2ncnc(Nc3ccc(F)c(Cl)c3)c21,750.0,495.95,3.53
CHEMBL152984,Cn1c2ccccc2c2c(Nc3cccc(Br)c3)ncnc21,769.0,353.22,4.63
CHEMBL263788,COc1cc2ncc(C#N)c(Nc3cccc(Br)c3)c2cc1NC(=O)/C=C/CN(C)C,790.0,480.37,4.68
CHEMBL326280,COCC#CC(=O)Nc1cc2c(Nc3cccc(Br)c3)c(C#N)cnc2cc1OC,790.0,465.31,4.21
CHEMBL168285,Nc1ncnc2c1c(-c1ccccc1)cn2C1CCC(O)C1,790.0,294.36,2.77
CHEMBL78257,N#CC(C#N)=C(N)/C(C#N)=C/c1cc(O)c(O)c(O)c1,800.0,268.23,0.97
CHEMBL24026,COc1cc2c(Nc3ccc(C#N)cc3F)ncnc2cc1OC/C=C/CN1CCCC1,800.0,433.49,4.42
CHEMBL262276,COC(=O)CN1CCC(n2cc(-c3cccc(O)c3)c3c(N)ncnc32)CC1,800.0,381.44,2.2
CHEMBL324718,C=CC(=O)Nc1cc2c(Nc3cccc(Br)c3)c(C#N)cnc2cc1OC,810.0,423.27,4.75
CHEMBL355891,COC(=O)CN1CCC(n2cc(-c3cccc(OC)c3)c3c(N)ncnc32)C1,830.0,381.44,2.11
CHEMBL340438,Nc1cc2ncnc(Nc3cccc(F)c3)c2cn1,840.0,255.26,2.49
CHEMBL95320,C#Cc1cccc(Nc2c(C#N)cnc3cc(OCCOC)c(OCCOC)cc23)c1,850.0,417.47,3.88
CHEMBL326318,COc1cc(/C=C(\C#N)C(N)=O)cc(CSCc2ccccc2)c1O,891.25,354.43,3.23
CHEMBL169200,COc1cccc(-c2cn(C3CCN(CCO)CC3)c3ncnc(N)c23)c1,900.0,367.45,2.32
CHEMBL104779,Cn1c(=O)c(-c2c(Cl)cccc2Cl)cc2cnc(Nc3ccncc3)nc21,910.0,398.25,4.44
CHEMBL116525,CC#CC(=O)Nc1cc2c(Nc3cccc(Br)c3)c(C#N)cnc2cc1OC,910.0,435.28,4.58
CHEMBL115440,COCCOCC#CC(=O)Nc1ccc2ncc(C#N)c(Nc3cccc(Br)c3)c2c1,930.0,479.33,4.22
CHEMBL274732,COCCN(C)CCN1CCC(n2cc(-c3cccc(OC)c3)c3c(N)ncnc32)CC1,930.0,438.58,2.9
CHEMBL283682,CC#CC(=O)Nc1ccc2ncc(C#N)c(Nc3cccc(Br)c3)c2c1,940.0,405.26,4.57
CHEMBL342792,COc1cc(/C=C(\C#N)S(=O)(=O)/C(C#N)=C/c2cc(O)c(O)c(OC)c2)cc(O)c1O,940.0,444.42,2.37
CHEMBL114593,COCC#CC(=O)Nc1ccc2ncc(C#N)c(Nc3cccc(Br)c3)c2c1,960.0,435.28,4.2
CHEMBL281467,C=CC(=O)Nc1cnc2ncc(C#N)c(Nc3cccc(Br)c3)c2c1,975.7,394.23,4.13
CHEMBL94846,COc1cc(Nc2c(C#N)cnc3cc4[nH]cnc4cc23)cc(OC)c1OC,1000.0,375.39,3.75
CHEMBL555844,COc1cc2ncnc(Nc3ccc(N4CCOCC4)cc3)c2cc1OC.Cl,1000.0,402.88,3.65
CHEMBL44,O=c1c(-c2ccc(O)cc2)coc2cc(O)cc(O)c12,1000.0,270.24,2.58
CHEMBL121708,Nc1cc2ncnc(NCc3cccc(Br)c3)c2cn1,1000.0,330.19,2.98
CHEMBL150390,Clc1cccc(Nc2ncnc3c2sc2ncccc23)c1,1000.0,312.79,4.64
CHEMBL92729,COc1ccc(C)c(Nc2c(C#N)cnc3cc4c(cc23)ncn4CCN2CCOCC2)c1,1000.0,442.52,3.85
CHEMBL545767,COc1cc(Nc2ncnc3ccc(Cl)cc23)cc(OC)c1OC.Cl,1000.0,382.25,4.47
CHEMBL92339,COc1ccc(Cl)c(Nc2c(C#N)cnc3cc4c(cc23)ncn4CCN2CCOCC2)c1,1000.0,462.94,4.19
CHEMBL330351,COc1cc(Nc2c(C#N)cnc3cc4c(cc23)ncn4CCN2CCOCC2)c(C)cc1Cl,1000.0,476.97,4.5
CHEMBL326100,COc1cc(/C=C(\C#N)C(N)=O)cc(CSCc2ccccc2Cl)c1O,1000.0,388.88,3.88
CHEMBL339416,[O-][N+]1(CCCNc2cc3ncnc(Nc4cccc(Br)c4)c3cn2)CCOCC1,1000.0,459.35,3.68
CHEMBL329244,COc1ccc(C)c(Nc2c(C#N)cnc3cc4[nH]c(NCCN5CCOCC5)nc4cc23)c1,1000.0,457.54,3.79
CHEMBL113863,Cn1c(=O)c(-c2c(Cl)cccc2Cl)cc2cnc(NCCCCCC(=O)O)nc21,1000.0,435.31,4.36
CHEMBL80734,NC(=O)c1ccc(Nc2ncnc3cc(-c4ccccc4)sc23)cc1,1000.0,346.42,4.2
CHEMBL44,O=c1c(-c2ccc(O)cc2)coc2cc(O)cc(O)c12,1000.0,270.24,2.58
CHEMBL128467,O=S(=O)(O)CCNc1cc2ncnc(Nc3cccc(Br)c3)c2cn1,1000.0,424.28,2.83
CHEMBL44,O=c1c(-c2ccc(O)cc2)coc2cc(O)cc(O)c12,1000.0,270.24,2.58
CHEMBL283682,CC#CC(=O)Nc1ccc2ncc(C#N)c(Nc3cccc(Br)c3)c2c1,1000.0,405.26,4.57
CHEMBL336113,Cc1cccc(Nc2ncnc3ccc(N)cc23)c1,1000.0,250.31,3.26
CHEMBL330657,COc1cc(Nc2c(C#N)cnc3cc4[nH]c(CN5CCOCC5)nc4cc23)cc(OC)c1OC,1000.0,474.52,3.58
CHEMBL281990,COc1cc2c(Nc3ccc(C)cc3F)ncnc2cc1OCC1CCN(C)CC1,1000.0,410.49,4.55
CHEMBL96633,COc1cc(Nc2c(C#N)cnc3cc4c(cc23)ncn4CCN2CCOCC2)cc(OC)c1OC,1000.0,488.55,3.56
CHEMBL62176,CN1C(=S)C(C(=O)Nc2ccccc2)c2ccccc21,1000.0,282.37,3.19
CHEMBL92395,COc1ccc(Cl)c(Nc2c(C#N)cnc3cc4[nH]cnc4cc23)c1,1000.0,349.78,4.39
CHEMBL31876,CC#CC(=O)Nc1ccc2ncc(C#N)c(Nc3ccc(F)c(Cl)c3)c2c1,1027.8,378.79,4.6
CHEMBL136178,CC(=O)/C=C/C(=O)Nc1ccc2ncnc(Nc3cccc(Br)c3)c2c1,1039.0,411.26,4.22
CHEMBL99024,COc1cc2ncc(C#N)c(Nc3ccc(F)c(Cl)c3)c2cc1OCCCN1CCOCC1,1040.0,470.93,4.75
CHEMBL429057,Nc1ncnc2c1c(-c1ccccc1)cn2-c1ccccc1CO,1100.0,316.36,3.16
CHEMBL544074,C=C(CN1CCCCC1)C(=O)c1ccc(OCc2ccccc2)cc1.Cl,1100.0,371.91,4.91
CHEMBL544067,C=C(CN1CCOCC1)C(=O)c1ccc(OCc2ccccc2)cc1.Cl,1100.0,373.88,3.76
CHEMBL169519,COc1cccc(-c2cn(C3CCNC3)c3ncnc(N)c23)c1,1120.0,309.37,2.22
CHEMBL36819,O=C(O)Cn1ncc2cc3c(Nc4cccc(Br)c4)ncnc3cc21,1196.0,398.22,3.57
CHEMBL80745,COc1cc(/C=C(\C#N)C(N)=C(C#N)C#N)cc(O)c1O,1200.0,282.26,1.27
CHEMBL56731,N#C/C(=C\c1ccc(O)c(O)c1)C(=O)Nc1ccccc1,1250.0,280.28,2.64
CHEMBL338662,Nc1cc2ncnc(Nc3ccccc3[N+](=O)[O-])c2cn1,1250.0,282.26,2.26
CHEMBL56731,N#C/C(=C\c1ccc(O)c(O)c1)C(=O)Nc1ccccc1,1258.93,280.28,2.64
CHEMBL7339,COc1cc(O)c2c(=O)c(-c3cccc(Cl)c3)coc2c1,1270.0,302.71,3.83
CHEMBL111365,COc1ccc(Nc2ncc3cc(-c4c(Cl)cccc4Cl)c(=O)n(C)c3n2)cn1,1300.0,428.28,4.45
CHEMBL369014,CCOC(=O)c1ccc(-c2cn(-c3ccccc3)c3ncnc(N)c23)cc1,1300.0,358.4,3.85
CHEMBL432738,CCNC(=O)Nc1nc2nc(N)ncc2cc1-c1c(Cl)cccc1Cl,1360.0,377.24,3.72
CHEMBL50470,CCN(CC)CCCNc1ncc2cc(-c3c(Cl)cccc3Cl)c(=O)n(C)c2n1,1400.0,434.37,4.45
CHEMBL24026,COc1cc2c(Nc3ccc(C#N)cc3F)ncnc2cc1OC/C=C/CN1CCCC1,1400.0,433.49,4.42
CHEMBL173453,Nc1ncnc2c1c(-c1ccccc1)cn2-c1ccc(CNCCO)cc1,1400.0,359.43,2.75
CHEMBL65848,Cc1cc(C(=O)N2CCOCC2)[nH]c1/C=C1\C(=O)Nc2ncnc(Nc3ccc4c(c3)CCC4)c21,1410.0,470.53,3.31
CHEMBL553,C#Cc1cccc(Nc2ncnc3cc(OCCOC)c(OCCOC)cc23)c1,1450.0,393.44,3.41
CHEMBL169065,COC(=O)CN1CCC(n2cc(-c3cccc(OC)c3)c3c(N)ncnc32)CC1,1470.0,395.46,2.5
CHEMBL542893,Cl.O=C(CCN1CCOCC1)c1ccc(OCc2ccccc2)cc1,1500.0,361.87,3.59
CHEMBL544538,C=C(CN1CCNCC1)C(=O)c1ccc(OCc2ccccc2)cc1.Cl,1500.0,372.9,3.33
CHEMBL544770,CN(C)CCC(=O)c1ccc(OCc2ccccc2)cc1.Cl,1500.0,319.83,3.82
CHEMBL171545,Nc1ncnc2c1c(-c1cccc(O)c1)cn2C1CCNC1,1530.0,295.35,1.92
CHEMBL124617,Nc1cccc(Nc2ncnc3cc(N)ncc23)c1,1550.0,252.28,1.93
CHEMBL78685,c1ccc(-c2cc3ncnc(Nc4ccc5[nH]ncc5c4)c3s2)cc1,1600.0,343.42,4.98
CHEMBL309276,O=C(O)CCC1C(S)=Nc2ccccc21,1620.0,221.28,2.61
CHEMBL331307,Nc1cc2ncnc(NCc3ccccc3Br)c2cn1,1670.0,330.19,2.98
CHEMBL48614,CN1CCC(c2c(O)cc(O)c3c2O/C(=C\c2ccccc2Cl)C3=O)CC1,1680.0,385.85,4.18
CHEMBL143212,COc1cc(/C=C(\C#N)C(N)=O)cc(CSc2cccc3ccccc23)c1O,1698.24,390.46,4.24
CHEMBL322066,COc1cc(Nc2nccc(-c3ccc(N4CCNCC4)nc3)n2)cc(OC)c1OC,1704.0,422.49,2.72
CHEMBL333454,COc1cc(/C=C(\C#N)C(N)=O)cc(CSc2ccc(C)cc2)c1O,1737.8,354.43,3.39
CHEMBL289162,O=C(O)Cn1ccc2cc3c(Nc4cccc(Br)c4)ncnc3cc21,1780.0,397.23,4.18
CHEMBL125331,CN(C)c1cccc(Nc2ncnc3cc(N)ncc23)c1,1790.0,280.33,2.42
CHEMBL545006,Cl.O=C(CCN1CCCCC1)c1ccc(OCc2ccccc2)cc1,1800.0,359.9,4.75
CHEMBL124533,Nc1cc2ncnc(NCc3cccc(C(F)(F)F)c3)c2cn1,1950.0,319.29,3.24
CHEMBL47986,O=CN/C=C/c1cc(O)ccc1O,2000.0,179.17,0.81
CHEMBL8095,COc1ccc(Nc2cc3c(cc2Nc2ccccc2)C(=O)NC3=O)cc1,2000.0,359.39,4.07
CHEMBL266995,Oc1cc(O)c2c(O)c(-c3cccc(Cl)c3)cnc2c1,2000.0,287.7,3.67
CHEMBL356324,N#C/C(=C\c1ccc(O)c(O)c1)S(=O)(=O)/C(C#N)=C/c1ccc(O)c(O)c1,2000.0,384.37,2.35
CHEMBL441518,CN(C)C/C=C/C(=O)Nc1cnc2ncc(C#N)c(Nc3cccc(Br)c3)c2c1,2043.6,451.33,4.06
CHEMBL56219,N#C/C(=C\c1ccc(O)c(O)c1)C(=O)Nc1ccccc1Cl,2089.3,314.73,3.3
CHEMBL168656,COc1cccc(-c2cn(C3CCN(C(=O)OC(C)(C)C)C3)c3ncnc(N)c23)c1,2100.0,409.49,3.87
CHEMBL544640,Cl.c1ccc(Nc2[nH]cnc3c4ccccc4nc2-3)cc1,2110.0,296.76,4.23
CHEMBL7939,O=C1NC(=O)c2cc(Nc3ccc(F)cc3)c(Nc3ccc(F)cc3)cc21,2200.0,365.34,4.34
CHEMBL168921,CC(C)(C)OC(=O)N1CCC(n2cc(-c3cccc(O)c3)c3c(N)ncnc32)C1,2200.0,395.46,3.57
CHEMBL138691,C=CC(=O)N(CCN(C)C)c1cc2c(Nc3cccc(Br)c3)ncnc2cn1,2282.0,441.33,3.61
CHEMBL118000,N#Cc1cnc2ccc(NC(=O)/C=C/CN3CCOCC3)cc2c1Nc1ccc(F)c(Cl)c1,2290.0,465.92,4.47
CHEMBL114490,COc1cc2ncc(C#N)c(Nc3ccc(F)c(Cl)c3)c2cc1NC(=O)/C=C/CN(C)C,2320.0,453.91,4.71
CHEMBL77030,N#C/C(=C\c1ccc(O)c(O)c1)C(N)=S,2400.0,220.25,1.29
CHEMBL125949,Nc1cc2ncnc(NCc3ccc(Br)cc3)c2cn1,2460.0,330.19,2.98
CHEMBL267019,O=C1NC(=O)c2cc(Nc3ccc(O)cc3)c(Nc3ccc(O)cc3)cc21,2500.0,361.36,3.47
CHEMBL7914,Cc1ccc(Nc2cc3c(cc2Nc2ccc(C)cc2)C(=O)NC3=O)cc1,2500.0,357.41,4.67
CHEMBL101581,COc1cc2nccc(Oc3cccc(Br)c3)c2cc1OC,2500.0,360.21,4.81
CHEMBL309334,N#CC(C#N)=C(N)/C(C#N)=C/c1ccc(O)c(O)c1,2500.0,252.23,1.26
CHEMBL55979,CC(NC(=O)/C(C#N)=C/c1ccc(O)c(O)c1)c1ccccc1,2511.89,308.34,2.88
CHEMBL169780,Nc1ncnc2c1c(-c1cccc(O)c1)cn2C1CCN(CCO)CC1,2540.0,353.43,2.02
CHEMBL50027,Clc1ncc2ncnc(Nc3ccccc3)c2n1,2550.0,257.68,2.82
CHEMBL174634,Cc1ccccc1-c1cn(-c2ccccc2)c2ncnc(N)c12,2650.0,300.37,3.98
CHEMBL354033,Nc1ncnc2c1c(-c1ccc(O)cc1)cn2C1CCNC1,2670.0,295.35,1.92
CHEMBL114392,C=C(CN1CCOCC1)C(=O)Nc1ccc2ncc(C#N)c(Nc3ccc(F)c(Cl)c3)c2c1,2700.0,465.92,4.47
CHEMBL100714,COc1ccc(Nc2ncnc3cc(OC)c(OC)cc23)cc1OC,2800.0,341.37,3.41
CHEMBL168266,Nc1ncnc2c1c(-c1ccccc1)cn2C1CC(O)C1,2820.0,280.33,2.38
CHEMBL332173,COc1cccc(CNc2ncnc3cc(N)ncc23)c1,2870.0,281.32,2.23
CHEMBL116857,COc1cc(NC(=O)/C=C/CN(C)C)cc2c(Nc3cccc(Br)c3)c(C#N)cnc12,2880.0,480.37,4.68
CHEMBL543661,COc1cc(Nc2ncnc3cc(OC)c(OC)cc23)cc(OC)c1.Cl,3000.0,377.83,3.83
CHEMBL310798,N#CC(C#N)=Cc1cc(O)c(O)c(O)c1,3000.0,202.17,1.23
CHEMBL47986,O=CN/C=C/c1cc(O)ccc1O,3000.0,179.17,0.81
CHEMBL7819,COc1cc(O)c2c(=O)c(-c3cccc(Cl)c3)cn(C)c2c1,3000.0,315.76,3.57
CHEMBL143805,N#C/C(=C\c1ccc(O)c(O)c1)C(=O)NCc1ccc(O)cc1,3019.95,310.31,2.03
CHEMBL119156,COc1cc(/C=C(\C#N)C(N)=O)cc(CSc2ccccn2)c1O,3388.44,341.39,2.48
CHEMBL176702,Nc1ncnc2c1c(-c1ccccc1)cn2-c1cccc(CNCCO)c1,3400.0,359.43,2.75
CHEMBL169467,COc1ccc(CC(CO)n2cc(-c3cccc(O)c3)c3c(N)ncnc32)cc1,3400.0,390.44,3.17
CHEMBL126101,COc1ccccc1Nc1ncnc2cc(N)ncc12,3710.0,267.29,2.36
CHEMBL287022,CC#CC(=O)Nc1cnc2ncc(C#N)c(Nc3ccc(F)c(Cl)c3)c2c1,3762.4,379.78,4.0
CHEMBL541307,CN(C)CC(CNNC(N)=O)C(=O)c1ccc(OCc2ccccc2)cc1.Cl,3900.0,406.91,2.22
CHEMBL358494,N#C/C(=C\c1ccc(O)c(O)c1)C(=O)N1CCN(C(=O)/C(C#N)=C/c2ccc(O)c(O)c2)CC1,4000.0,460.45,1.69
CHEMBL296407,N#C/C(=C\c1ccc(O)c(O)c1)C(N)=O,4000.0,204.18,0.49
CHEMBL543669,COc1cc2ncnc(N(C)c3ccccc3)c2cc1OC.Cl,4000.0,331.8,3.84
CHEMBL342792,COc1cc(/C=C(\C#N)S(=O)(=O)/C(C#N)=C/c2cc(O)c(O)c(OC)c2)cc(O)c1O,4000.0,444.42,2.37
CHEMBL441518,CN(C)C/C=C/C(=O)Nc1cnc2ncc(C#N)c(Nc3cccc(Br)c3)c2c1,4128.6,451.33,4.06
CHEMBL125035,Nc1cc2ncnc(NCc3ccccc3[N+](=O)[O-])c2cn1,4250.0,296.29,2.13
CHEMBL65848,Cc1cc(C(=O)N2CCOCC2)[nH]c1/C=C1\C(=O)Nc2ncnc(Nc3ccc4c(c3)CCC4)c21,4320.0,470.53,3.31
CHEMBL332269,CCCCNc1ncc2cc(-c3c(Cl)cccc3Cl)c(=O)n(C)c2n1,4400.0,377.28,4.51
CHEMBL296407,N#C/C(=C\c1ccc(O)c(O)c1)C(N)=O,4466.84,204.18,0.49
CHEMBL268868,O=C1NC(=O)c2cc(Nc3ccccc3)c(Nc3ccccc3)cc21,4500.0,329.36,4.06
CHEMBL7914,Cc1ccc(Nc2cc3c(cc2Nc2ccc(C)cc2)C(=O)NC3=O)cc1,4500.0,357.41,4.67
CHEMBL109296,CCNc1ncc2cc(-c3c(Cl)cccc3Cl)c(=O)n(C)c2n1,4500.0,349.22,3.73
CHEMBL106232,CN1CCN(CCCCCNc2ncc3cc(-c4c(Cl)cccc4Cl)c(=O)n(C)c3n2)CC1,4500.0,489.45,4.13
CHEMBL296407,N#C/C(=C\c1ccc(O)c(O)c1)C(N)=O,4500.0,204.18,0.49
CHEMBL418203,CN1CCC(c2c(O)cc(O)c3c(=O)cc(-c4ccccc4Cl)oc23)[C@@H](O)C1,4600.0,401.85,3.3
CHEMBL339684,Nc1cc2ncnc(Nc3ccc(C(F)(F)F)cc3)c2cn1,4700.0,305.26,3.37
CHEMBL341053,CN(C)c1ccc(Nc2ncnc3cc(N)ncc23)cc1,4860.0,280.33,2.42
CHEMBL65848,Cc1cc(C(=O)N2CCOCC2)[nH]c1/C=C1\C(=O)Nc2ncnc(Nc3ccc4c(c3)CCC4)c21,5000.0,470.53,3.31
CHEMBL48172,Cn1c(=O)c(-c2c(Cl)cccc2Cl)cc2cnc(NCCCN3CCOCC3)nc21,5000.0,448.35,3.44
CHEMBL87084,Oc1cc2cc(-c3ccncc3)cnc2cc1O,5000.0,238.25,2.71
CHEMBL111618,Cn1c(=O)c(-c2c(Cl)cccc2Cl)cc2cnc(NCCO)nc21,5000.0,365.22,2.71
CHEMBL110034,Cn1c(=O)c(-c2c(Cl)cccc2Cl)cc2cnc(NCc3cccnc3)nc21,5000.0,412.28,4.31
CHEMBL305194,Cc1cc(C(=O)O)[nH]c1/C=C1\C(=O)Nc2ncnc(Nc3ccc(F)c(Cl)c3)c21,5000.0,413.8,3.84
CHEMBL326041,Cn1c(=O)c(-c2c(Cl)cccc2Cl)cc2cnc(NCc3ccccn3)nc21,5000.0,412.28,4.31
CHEMBL56393,N#C/C(=C\c1ccc(O)c(O)c1)C(=O)c1ccc(O)c(O)c1,5000.0,297.27,2.3
CHEMBL440298,N#C/C(=C\c1ccc(O)c(O)c1)C(=O)NCCCCc1ccccc1,5000.0,336.39,3.14
CHEMBL323699,Cn1c(=O)c(-c2c(Cl)cccc2Cl)cc2cnc(NCCc3ccccn3)nc21,5000.0,426.31,4.35
CHEMBL109759,CC(C)Nc1ncc2cc(-c3c(Cl)cccc3Cl)c(=O)n(C)c2n1,5000.0,363.25,4.12
CHEMBL440298,N#C/C(=C\c1ccc(O)c(O)c1)C(=O)NCCCCc1ccccc1,5011.87,336.39,3.14
CHEMBL56393,N#C/C(=C\c1ccc(O)c(O)c1)C(=O)c1ccc(O)c(O)c1,5011.87,297.27,2.3
CHEMBL113185,COc1cc(Nc2nccc(-c3ccc(NCCN)nc3)n2)cc(OC)c1OC,5100.0,396.45,2.68
CHEMBL55204,N#C/C(=C\c1ccc(O)c(O)c1)C(=O)c1ccc(F)cc1,5128.61,283.26,3.03
CHEMBL118205,COc1cc(/C=C(\C#N)C(N)=O)cc(CSc2nc3ccccc3o2)c1O,5248.07,381.41,3.23
CHEMBL124618,Nc1cc2ncnc(Nc3ccccc3N)c2cn1,5250.0,252.28,1.93
CHEMBL37346,Brc1cccc(Nc2ccnc3ccccc23)c1,5500.0,299.17,4.74
CHEMBL76599,CC(C)(C)NC(=O)Nc1nc2nc(N)ncc2cc1-c1ccccc1,5530.0,336.4,3.19
CHEMBL468975,C=C(CN(C)C)C(=O)c1ccccc1.Cl,5600.0,225.72,2.41
CHEMBL49596,Cn1c(=O)c(-c2c(Cl)cccc2Cl)cc2cnc(N)nc21,5600.0,321.17,2.88
CHEMBL145209,N#C/C(=C\c1ccc(O)c(O)c1)C(=O)NCN1CCN(C(=O)/C(C#N)=C/c2ccc(O)c(O)c2)CC1,5800.0,489.49,1.24
CHEMBL417941,N#C/C(=C\c1ccc(O)c(O)c1)C(=O)NC1CCCCC1,5888.44,286.33,2.45
CHEMBL333272,Nc1ccc(Nc2ncnc3cc(N)ncc23)cc1,5900.0,252.28,1.93
CHEMBL440453,COc1cc(O)c2c(O)c(-c3cccc(Cl)c3)cnc2c1,6000.0,301.73,3.98
CHEMBL80155,COc1cc(C=C(C#N)C#N)cc(O)c1O,6000.0,216.2,1.54
CHEMBL31745,CC#CC(=O)Nc1cnc2ncc(C#N)c(Nc3cccc(Br)c3)c2c1,6266.2,406.24,3.97
CHEMBL176470,Nc1ncnc2c1c(-c1ccccc1)cn2-c1ccccc1CNCCO,6400.0,359.43,2.75
CHEMBL59145,N#C/C(=C\c1ccc(O)c(O)c1)C(=O)c1ccccc1Cl,6606.93,299.71,3.54
CHEMBL56236,Cc1cc(C)c(C)c(-c2cc3cnc(N)nc3nc2NC(=O)NC(C)(C)C)c1C,6680.0,392.51,4.43
CHEMBL309765,CN1C(=S)C(CCC(=O)O)c2ccccc21,6700.0,235.31,2.41
CHEMBL84513,O=C(O)CCCC1C(S)=Nc2ccccc21,6700.0,235.31,3.0
CHEMBL122522,COc1cc(C=C(C#N)C#N)cc(CSc2ccccc2)c1O,6760.83,322.39,4.12
CHEMBL287022,CC#CC(=O)Nc1cnc2ncc(C#N)c(Nc3ccc(F)c(Cl)c3)c2c1,6794.8,379.78,4.0
CHEMBL342929,CNC(=O)c1c(SSc2c(C(=O)NC)c3ccccc3n2C)n(C)c2ccccc12,6900.0,438.58,4.19
CHEMBL56543,N#C/C(=C\c1ccc(O)c(O)c1)C(=O)NCc1ccccc1,7000.0,294.31,2.32
CHEMBL77030,N#C/C(=C\c1ccc(O)c(O)c1)C(N)=S,7000.0,220.25,1.29
CHEMBL46946,O=CN/C=C/c1ccc(O)c(O)c1,7000.0,179.17,0.81
CHEMBL107472,CNc1ncc2cc(-c3c(Cl)cccc3Cl)c(=O)n(C)c2n1,7500.0,335.19,3.34
CHEMBL428690,CN1CC[C@H](c2c(O)cc(O)c3c(=O)cc(-c4ccccc4Cl)oc23)[C@H](O)C1,7600.0,401.85,3.3
CHEMBL325949,Nc1cccc(-c2cc(=O)c3c(N)c(O)c(N)cc3o2)c1,7800.0,283.29,1.91
CHEMBL168661,COc1cccc(-c2cn(C3CCN(CCN(C)CCO)CC3)c3ncnc(N)c23)c1,7800.0,424.55,2.25
CHEMBL68920,Cc1cc(C)c(/C=C2\C(=O)Nc3ncnc(Nc4ccc(F)c(Cl)c4)c32)[nH]1,7820.0,383.81,4.45
CHEMBL118321,COc1cc(C=C(C#N)C#N)cc(CSc2ccccc2C(=O)O)c1O,7943.28,366.4,3.82
CHEMBL333041,Nc1cc2ncnc(NCc3ccc(C(F)(F)F)cc3)c2cn1,8000.0,319.29,3.24
CHEMBL135592,C/N=N/Nc1ccc2ncnc(N(C)c3ccccc3)c2c1,8000.0,292.35,3.81
CHEMBL353823,CC(C)(C)OC(=O)N1CCC(n2cc(-c3ccccc3)c3c(N)ncnc32)C1,8300.0,379.46,3.86
CHEMBL136492,CN(c1ccccc1)c1ncnc2ccc(N)cc12,8400.0,250.3,2.98
CHEMBL299194,CN1CCN(CCCNc2ncc3cc(-c4c(Cl)cccc4Cl)c(=O)n(C)c3n2)CC1,8700.0,461.4,3.35
CHEMBL7775,CN(c1ccccc1)c1cc2c(cc1Nc1ccccc1)C(=O)NC2=O,8700.0,343.39,4.08
CHEMBL112925,Nc1ccc(-c2cc(=O)c3cc(N)ccc3o2)cc1,8700.0,252.27,2.62
CHEMBL324030,COc1cc(/C=C(\C#N)C(N)=O)cc(CSC2=NCCS2)c1O,8709.64,349.44,2.13
CHEMBL543361,CN(C)CC(CSCCN)C(=O)c1ccc(OCc2ccccc2)cc1.Cl,8800.0,409.0,3.74
CHEMBL334334,COC(=O)c1cccc(NCc2cc(O)ccc2O)c1,9000.0,273.29,2.5
CHEMBL131653,COC(=O)c1cc(NCc2cc(O)ccc2O)ccc1O,9000.0,289.29,2.2
CHEMBL137635,CN(c1ccccc1)c1ncnc2ccc(N/N=N/Cc3ccccn3)cc12,9300.0,369.43,4.77
CHEMBL345203,CNC(=O)CCc1c(SSc2[nH]c3ccccc3c2CCC(=O)NC)[nH]c2ccccc12,9400.0,466.63,4.81
CHEMBL129930,COC(=O)c1cc(NCc2cc(O)ccc2O)ccc1OC,9500.0,303.31,2.51
CHEMBL168555,COc1ccc(CC(CO)n2cc(-c3cccc(OC)c3)c3c(N)ncnc32)cc1,9700.0,404.47,3.47
CHEMBL327300,COc1ccc(Oc2ccnc3cc(OC)c(OC)cc23)cc1OC,10000.0,341.36,4.06
CHEMBL122081,CC(=O)Nc1ccc(Nc2ncnc3cc(N)ncc23)cc1,10000.0,294.32,2.31
CHEMBL37099,Cc1nc(Nc2cccc(Br)c2)c2ccccc2n1,10000.0,314.19,4.44
CHEMBL31118,CN(C)CCOc1cc2c(Nc3cccc(Br)c3)c(C#N)cnc2cn1,10000.0,412.29,3.95
CHEMBL31745,CC#CC(=O)Nc1cnc2ncc(C#N)c(Nc3cccc(Br)c3)c2c1,10000.0,406.24,3.97
CHEMBL333045,CN(C)c1cccc(CNc2ncnc3cc(N)ncc23)c1,10000.0,294.36,2.29
CHEMBL68423,COc1cc(OC)c2cc(-c3ccncc3)cnc2c1,10000.0,266.3,3.31
CHEMBL31118,CN(C)CCOc1cc2c(Nc3cccc(Br)c3)c(C#N)cnc2cn1,10000.0,412.29,3.95
CHEMBL127763,Nc1cccc(CNc2ncnc3cc(N)ncc23)c1,10000.0,266.31,1.8
CHEMBL168921,CC(C)(C)OC(=O)N1CCC(n2cc(-c3cccc(O)c3)c3c(N)ncnc32)C1,10000.0,395.46,3.57
CHEMBL47660,N#C/C(=C\c1cc(O)ccc1O)C(N)=O,10000.0,204.18,0.49
CHEMBL289787,COc1cccc2c(Nc3cccc(Br)c3)ncnc12,10000.0,330.19,4.14
CHEMBL125983,CC(=O)Nc1cccc(Nc2ncnc3cc(N)ncc23)c1,10000.0,294.32,2.31
CHEMBL133283,COC(=O)c1ccc(NCc2cc(O)ccc2O)cc1O,10000.0,289.29,2.2
CHEMBL86664,Clc1ccc2cc(-c3ccncc3)cnc2c1,10000.0,240.69,3.95
CHEMBL31437,CN(C)CCOc1cc2c(Nc3ccc(F)c(Cl)c3)c(C#N)cnc2cn1,10000.0,385.83,3.98
CHEMBL31437,CN(C)CCOc1cc2c(Nc3ccc(F)c(Cl)c3)c(C#N)cnc2cn1,10000.0,385.83,3.98
CHEMBL172973,COc1cccc(-c2cn(-c3ccccc3)c3ncnc(N)c23)c1,10000.0,316.36,3.68
CHEMBL335074,COC(=O)c1cc(/N=C/c2ccccc2O)ccc1O,10000.0,271.27,2.64
CHEMBL280069,COc1cc2cc(-c3ccncc3)cnc2cc1OC,10000.0,266.3,3.31
CHEMBL112263,COc1cc(Nc2nccc(-c3cccnc3)n2)cc(OC)c1OC,10000.0,338.37,3.31
CHEMBL296407,N#C/C(=C\c1ccc(O)c(O)c1)C(N)=O,10000.0,204.18,0.49
CHEMBL130893,COC(=O)c1ccc(/N=C/c2cc(O)ccc2O)cc1O,10000.0,287.27,2.34
CHEMBL112346,CC[C@H]1CN(c2ccc(-c3ccnc(Nc4cc(OC)c(OC)c(OC)c4)n3)cn2)CCN1,10000.0,450.54,3.5
CHEMBL130117,COC(=O)c1cc(/N=C/c2ccc(O)cc2)ccc1O,10000.0,271.27,2.64
CHEMBL332879,Nc1cc2ncnc(Nc3ccccc3C(F)(F)F)c2cn1,10000.0,305.26,3.37
CHEMBL171545,Nc1ncnc2c1c(-c1cccc(O)c1)cn2C1CCNC1,10000.0,295.35,1.92
CHEMBL296407,N#C/C(=C\c1ccc(O)c(O)c1)C(N)=O,10000.0,204.18,0.49
CHEMBL408683,NC(=O)CN1CCC(n2cc(-c3cccc(O)c3)c3c(N)ncnc32)C1,10000.0,352.4,1.12
CHEMBL126062,Nc1cc2ncnc(NCc3ccccc3C(F)(F)F)c2cn1,10000.0,319.29,3.24
CHEMBL169920,CN(C)C(=O)CN1CCC(n2cc(-c3cccc(O)c3)c3c(N)ncnc32)CC1,10000.0,394.48,2.11
CHEMBL126097,Nc1cc2ncnc(NCc3ccc([N+](=O)[O-])cc3)c2cn1,10000.0,296.29,2.13
CHEMBL13629,CCN(CC)CCNC(=O)c1c(C)[nH]c(/C=C2\C(=O)Nc3ccc(Br)cc32)c1C,10000.0,459.39,3.96
CHEMBL262276,COC(=O)CN1CCC(n2cc(-c3cccc(O)c3)c3c(N)ncnc32)CC1,10000.0,381.44,2.2
CHEMBL169200,COc1cccc(-c2cn(C3CCN(CCO)CC3)c3ncnc(N)c23)c1,10000.0,367.45,2.32
CHEMBL169780,Nc1ncnc2c1c(-c1cccc(O)c1)cn2C1CCN(CCO)CC1,10000.0,353.43,2.02
CHEMBL358494,N#C/C(=C\c1ccc(O)c(O)c1)C(=O)N1CCN(C(=O)/C(C#N)=C/c2ccc(O)c(O)c2)CC1,10000.0,460.45,1.69
CHEMBL130337,COC(=O)c1cc(NCc2ccc(O)cc2)ccc1O,10000.0,273.29,2.5
CHEMBL122168,Nc1cc2ncnc(Nc3cccnc3)c2cn1,10000.0,238.25,1.75
CHEMBL357326,CCOC(C)=O.CN(C)CCNc1[nH]cnc2nc3ccccc3c1-2,10000.0,343.43,2.61
CHEMBL172514,COCCNCCN1CCC(n2cc(-c3cccc(OC)c3)c3c(N)ncnc32)CC1,10000.0,424.55,2.56
CHEMBL355019,COC(=O)CN1CCC(n2cc(-c3cccc(O)c3)c3c(N)ncnc32)C1,10000.0,367.41,1.81
CHEMBL124836,Nc1ccc(CNc2ncnc3cc(N)ncc23)cc1,10000.0,266.31,1.8
CHEMBL274732,COCCN(C)CCN1CCC(n2cc(-c3cccc(OC)c3)c3c(N)ncnc32)CC1,10000.0,438.58,2.9
CHEMBL263528,NC(=O)CN1CCC(n2cc(-c3cccc(O)c3)c3c(N)ncnc32)CC1,10000.0,366.43,1.51
CHEMBL131577,Cc1cccc(Cl)c1NC(=O)c1cnc(NC(=O)C2CC2)s1,10000.0,335.82,3.71
CHEMBL123676,Nc1cc2ncnc(NCc3cccc([N+](=O)[O-])c3)c2cn1,10100.0,296.29,2.13
CHEMBL419650,O=C(O)Cc1c(SSc2[nH]c3ccccc3c2CC(=O)O)[nH]c2ccccc12,10200.0,412.49,4.7
CHEMBL55360,Cc1cccc(C)c1NC(=O)/C(C#N)=C/c1ccc(O)c(O)c1,10232.93,308.34,3.26
CHEMBL56879,N#C/C(=C\c1ccc(O)c(O)c1)C(=O)c1ccc([N+](=O)[O-])cc1,10964.78,310.27,2.8
CHEMBL127086,O=C(O)CCNc1cc2ncnc(Nc3cccc(Br)c3)c2cn1,11400.0,388.23,3.42
CHEMBL356324,N#C/C(=C\c1ccc(O)c(O)c1)S(=O)(=O)/C(C#N)=C/c1ccc(O)c(O)c1,12000.0,384.37,2.35
CHEMBL7827,O=c1c(-c2cccc(Cl)c2)coc2cc(O)cc(O)c12,12000.0,288.69,3.52
CHEMBL56542,N#C/C(=C\c1ccc(O)c(O)c1)C(=O)N1CCc2ccccc21,12022.64,306.32,2.59
CHEMBL7866,COC(=O)Cn1cc(-c2cccc(Cl)c2)c(=O)c2c(O)cc(OC)cc21,12500.0,373.79,3.21
CHEMBL53753,CNc1cc2c(Nc3cccc(Br)c3)ncnc2cn1,13000.0,330.19,3.57
CHEMBL170438,Nc1ncnc2c1c(-c1ccccc1)cn2C(CO)Cc1ccc(O)cc1,13200.0,360.42,3.16
CHEMBL344652,CN(C)/N=N/c1ccc2ncnc(N(C)c3ccccc3)c2c1,13350.0,306.37,3.96
CHEMBL168829,Nc1ncnc2c1c(-c1ccccc1)cn2C1CCNC1,13400.0,279.35,2.21
CHEMBL309598,N#CC(C#N)=C(O)c1cc(O)c(O)c(O)c1,13500.0,218.17,1.12
CHEMBL113996,COc1cc2ncc(C#N)c(Nc3ccc(F)c(Cl)c3)c2cc1NC(=O)/C=C/CN1CCOCC1,13570.0,495.94,4.48
CHEMBL47986,O=CN/C=C/c1cc(O)ccc1O,14000.0,179.17,0.81
CHEMBL432416,Nc1ccc(-c2cc(=O)c3cc(N)c(O)cc3o2)cc1,14100.0,268.27,2.33
CHEMBL56132,N#C/C(=C\c1ccc(O)c(O)c1)C(=O)c1ccccc1,14125.38,265.27,2.89
CHEMBL171256,COc1ccc(CC(CO)n2cc(-c3ccccc3)c3c(N)ncnc32)cc1,14400.0,374.44,3.47
CHEMBL331026,COc1cc(/C=C(\C#N)C(N)=O)cc(CSc2nc3ccccc3[nH]2)c1O,14454.4,380.43,2.96
CHEMBL83429,O=C(O)CC1C(S)=Nc2ccccc21,14900.0,207.25,2.22
CHEMBL54471,Cc1ccc(C(=O)/C(C#N)=C/c2ccc(O)c(O)c2)cc1,15135.61,279.3,3.2
CHEMBL141175,COc1cc(/C=C(/C#N)C(N)=O)cc(CSCc2ccc(Cl)cc2)c1O,15848.93,388.88,3.88
CHEMBL157021,NC(=O)CCc1c(SSc2[nH]c3ccccc3c2CCC(N)=O)[nH]c2ccccc12,16000.0,438.58,4.28
CHEMBL8095,COc1ccc(Nc2cc3c(cc2Nc2ccccc2)C(=O)NC3=O)cc1,18000.0,359.39,4.07
CHEMBL83838,COC(=O)Cc1c(SSc2[nH]c3ccccc3c2CC(=O)OC)[nH]c2ccccc12,18000.0,440.55,4.88
CHEMBL118109,COc1cc(/C=C(\C#N)C(N)=O)cc(CSc2nc3ccccc3s2)c1O,19054.61,397.48,3.7
CHEMBL141238,Cc1cc(C)c(NC(=O)/C(C#N)=C/c2ccc(O)c(O)c2)c(C)c1,19054.61,322.36,3.57
CHEMBL55993,Cc1cc(C)c(C(=O)/C(C#N)=C/c2ccc(O)c(O)c2)c(C)c1,19054.61,307.35,3.81
CHEMBL147112,COc1ccccc1-c1ccc2c(c1)NC(=O)/C2=C\c1[nH]cc(CCC(=O)O)c1C,19200.0,402.45,4.51
CHEMBL274654,Cc1[nH]c(/C=C2\C(=O)Nc3ccccc32)c(C)c1CCC(=O)O,20000.0,310.35,3.14
CHEMBL66502,COc1cc2cc(-c3ccc(N(C)C)cc3)cnc2cc1OC,20000.0,308.38,3.99
CHEMBL430605,COc1ccc2cc(-c3c[nH]c4ccccc34)cnc2c1OC,20000.0,304.35,4.4
CHEMBL430155,Cc1[nH]c(/C=C2\C(=O)Nc3ccccc32)c(C)c1CCCN1CCN(C)CC1,20000.0,378.52,3.3
CHEMBL308466,COc1cccc(-c2cnc3cc(OC)c(OC)cc3c2)c1,20000.0,295.34,3.93
CHEMBL67059,COc1cc2cc(C#Cc3ccccc3)cnc2cc1OC,20000.0,289.33,3.65
CHEMBL66101,COc1ccc(/C=C/c2cnc3cc(OC)c(OC)cc3c2)cc1,20000.0,321.38,4.43
CHEMBL66785,COc1cc2cc(C3CCCC3)cnc2cc1OC,20000.0,257.33,3.91
CHEMBL303184,COc1ccc2ncc(-c3ccsc3)cc2c1,20000.0,241.32,3.97
CHEMBL303037,COc1cc2cc(N)cnc2cc1OC,20000.0,204.23,1.83
CHEMBL268731,Cc1[nH]c(/C=C2\C(=O)Nc3ccc(F)cc32)c(C)c1C(=O)NCc1ccncc1,20000.0,390.42,3.59
CHEMBL130694,O=C(O)c1cc(/N=C/c2ccccc2O)ccc1O,20000.0,257.25,2.55
CHEMBL304310,c1ccc2ncc(-c3ccsc3)cc2c1,20000.0,211.29,3.96
CHEMBL302745,COc1ccc(-c2cnc3cc(OC)c(OC)cc3c2)s1,20000.0,301.37,3.99
CHEMBL70149,COc1cc2cc(/C=C/c3ccccc3)cnc2cc1OC,20000.0,291.35,4.42
CHEMBL69709,Cc1cc(C)c(/C=C2\C(=O)N(C)c3ncnc(Nc4ccc(F)c(Cl)c4)c32)[nH]1,20000.0,397.84,4.47
CHEMBL13354,Cc1[nH]c(/C=C2\C(=O)Nc3ccc(F)cc32)c(C)c1C(=O)NCCN1CCOCC1,20000.0,412.47,2.33
CHEMBL69820,COc1cc2cc(-c3ccc(Cl)s3)cnc2cc1OC,20000.0,305.79,4.63
CHEMBL131407,O=C(O)c1cc(NCc2ccccc2O)ccc1O,20000.0,259.26,2.41
CHEMBL132907,COC(=O)c1cc(NCc2ccccc2O)ccc1O,20000.0,273.29,2.5
CHEMBL66643,COc1cc2cc(-c3ccsc3)cnc2cc1OC,20000.0,271.34,3.98
CHEMBL66981,COc1cc2cc(-c3ccc(O)nc3)cnc2cc1OC,20000.0,282.3,3.02
CHEMBL66932,COc1cc2cc(OCc3ccccc3)cnc2cc1OC,20000.0,295.34,3.83
CHEMBL419248,COc1cc2cc(-c3ccccc3OC)cnc2cc1OC,20000.0,295.34,3.93
CHEMBL66924,COc1cc2cc(-c3cc(F)c(OC)c(F)c3)cnc2cc1OC,20000.0,331.32,4.21
CHEMBL304333,Cc1cc(C)c2cc(-c3ccsc3)cnc2c1,20000.0,239.34,4.58
CHEMBL302491,COc1cc2cc(-c3cccc(F)c3)cnc2cc1OC,20000.0,283.3,4.06
CHEMBL65850,COc1cc2cc(NCc3ccccc3)cnc2cc1OC,20000.0,294.35,3.86
CHEMBL303872,Cc1ccc(C)c2ncc(-c3ccsc3)cc12,20000.0,239.34,4.58
CHEMBL67424,COc1cc2cc(-c3ccc(F)c(F)c3)cnc2cc1OC,20000.0,301.29,4.2
CHEMBL66618,COc1cc2cc(C3=CCCC3)cnc2cc1OC,20000.0,255.32,3.82
CHEMBL68401,COc1cc2cc(-c3ccc(F)cc3)cnc2cc1OC,20000.0,283.3,4.06
CHEMBL68258,Cc1cc(C(=O)N2CCOCC2)[nH]c1/C=C1\C(=O)Nc2ncnc(N3CCCCC3)c21,20000.0,422.49,2.07
CHEMBL267293,Cc1[nH]c(/C=C2\C(=O)Nc3ccc(F)cc32)c(C)c1C(=O)NCCn1cncn1,20000.0,394.41,2.28
CHEMBL129907,O=C(O)c1cccc(NCc2cc(O)ccc2O)c1,20000.0,259.26,2.41
CHEMBL67991,COc1ccc(-c2cnc3cc(OC)c(OC)cc3c2)c(OC)c1,20000.0,325.36,3.94
CHEMBL13485,CCN(CC)CCNC(=O)c1c(C)[nH]c(/C=C2\C(=O)Nc3ccc(Cl)cc32)c1C,20000.0,414.94,3.85
CHEMBL66612,COc1ccc(-c2cnc3cc(OC)c(OC)cc3c2)cn1,20000.0,296.33,3.32
CHEMBL66071,COc1cc(OC)c2cc(-c3ccsc3)cnc2c1,20000.0,271.34,3.98
CHEMBL13608,Cc1[nH]c(/C=C2\C(=O)Nc3ccc(F)cc32)c(C)c1C(=O)NCCN1CCCC1,20000.0,396.47,3.09
CHEMBL66786,COc1cc2cc(CCC3CCCCC3)cnc2cc1OC,20000.0,299.41,4.76
CHEMBL67170,COc1cc2cc(-c3ccc(OC)c([N+](=O)[O-])c3)cnc2cc1OC,20000.0,340.34,3.84
CHEMBL304336,COc1cc2cc(-c3cccs3)cnc2cc1OC,20000.0,271.34,3.98
CHEMBL63575,COc1cc2cc(C#CC3CCCCC3)cnc2cc1OC,20000.0,295.38,4.18
CHEMBL130116,O=C(O)c1cccc(/N=C/c2cc(O)ccc2O)c1,20000.0,257.25,2.55
CHEMBL307093,Fc1ccc2cc(-c3ccsc3)cnc2c1,20000.0,229.28,4.1
CHEMBL69585,COc1cc2cc(-c3ccc([N+](=O)[O-])cc3)cnc2cc1OC,20000.0,310.31,3.83
CHEMBL66705,COc1cc2cccnc2cc1OC,20000.0,189.21,2.25
CHEMBL66063,COc1cc2cc(-c3ccccc3)cnc2cc1OC,20000.0,265.31,3.92
CHEMBL66107,COc1cc2cc(-c3cc(OC)c(OC)c(OC)c3)cnc2cc1OC,20000.0,355.39,3.94
CHEMBL543429,COc1cc(Nc2ncnc3c(OC)c(OC)c(OC)cc23)cc(OC)c1OC.Cl,20000.0,437.88,3.85
CHEMBL67436,COc1ccc(-c2cnc3cc(OC)c(OC)cc3c2)cc1F,20000.0,313.33,4.07
CHEMBL70130,COc1ccc(-c2cnc3cc(OC)c(OC)cc3c2)cc1,20000.0,295.34,3.93
CHEMBL309116,c1ccc2ncc(-c3c[nH]c4ccccc34)cc2c1,20000.0,244.3,4.38
CHEMBL308879,COc1cc2cc(O)cnc2cc1OC,20000.0,205.21,1.96
CHEMBL66925,COc1ccc(-c2cnc3cc(OC)c(OC)cc3c2)cc1C,20000.0,309.37,4.24
CHEMBL69106,O=C1Nc2ncnc(Nc3ccc(F)c(Cl)c3)c2/C1=C/c1ccc[nH]1,20000.0,355.76,3.83
CHEMBL65858,C(=C/c1cnc2ccccc2c1)\c1ccccc1,20000.0,231.3,4.41
CHEMBL542237,COc1cc2nc(Cl)nc(Nc3cc(OC)c(OC)c(OC)c3)c2cc1OC.Cl,20000.0,442.3,4.49
CHEMBL67219,COc1cc2cc(-c3ccc(C)cc3)cnc2cc1OC,20000.0,279.34,4.23
CHEMBL68185,COc1ccc2cc(-c3ccsc3)cnc2c1,20000.0,241.32,3.97
CHEMBL66100,COc1ccc(-c2cnc3cc(OC)c(OC)cc3c2)cc1OC,20000.0,325.36,3.94
CHEMBL302545,COc1cc2cc(-c3c[nH]c4ccccc34)cnc2cc1OC,20000.0,304.35,4.4
CHEMBL303704,COc1cc2cc(-c3ccc(O)cc3)cnc2cc1OC,20000.0,281.31,3.62
CHEMBL544836,COc1cc(Nc2ncnc3c(C)cc(C)cc23)cc(OC)c1OC.Cl,20000.0,375.86,4.44
CHEMBL66787,COc1ccc(CCc2cnc3cc(OC)c(OC)cc3c2)cc1,20000.0,323.39,4.05
CHEMBL66008,COc1cc2cc([N+](=O)[O-])cnc2cc1OC,20000.0,234.21,2.16
CHEMBL69378,c1cc(-c2cnc3cc4c(cc3c2)OCO4)cs1,20000.0,255.3,3.69
CHEMBL306234,COc1cc2cc(-c3sccc3Cl)cnc2cc1OC,20000.0,305.79,4.63
CHEMBL423159,COC(=O)c1cc(NCc2cccc(O)c2)ccc1O,21000.0,273.29,2.5
CHEMBL347074,Cc1c(CCC(=O)O)c[nH]c1/C=C1\C(=O)Nc2cc(-c3ccccc3)ccc21,21800.0,372.42,4.5
CHEMBL115895,COc1cc(/C=C(\C#N)C(N)=O)cc(CSc2ccccc2NC(C)=O)c1O,21877.62,397.46,3.04
CHEMBL149201,Cc1[nH]c(/C=C2\C(=O)Nc3cc(-c4ccccc4)ccc32)c(C)c1CCC(=O)O,21900.0,386.45,4.81
CHEMBL155607,NC(=O)CCC1C(S)=Nc2ccccc21,22000.0,220.3,2.01
CHEMBL428690,CN1CC[C@H](c2c(O)cc(O)c3c(=O)cc(-c4ccccc4Cl)oc23)[C@H](O)C1,22000.0,401.85,3.3
CHEMBL148984,COc1ccc(-c2ccc3c(c2)NC(=O)/C3=C\c2[nH]cc(CCC(=O)O)c2C)cc1,22800.0,402.45,4.51
CHEMBL334032,COc1cc(C=C(C#N)C#N)cc(CS(=O)(=O)c2ccc(C)cc2)c1O,22908.68,368.41,3.11
CHEMBL358728,COc1cccc(-c2ccc3c(c2)NC(=O)/C3=C\c2[nH]c(C)c(CCC(=O)O)c2C)c1,24100.0,416.48,4.82
CHEMBL304668,COc1cc2cc(-c3cccnc3)cnc2cc1OC,25000.0,266.3,3.31
CHEMBL300936,CC(C)(C)c1cnc(CSc2cnc(NC(=O)Cc3ccc(CNC(CO)CO)cc3)s2)o1,25000.0,490.65,3.34
CHEMBL303391,COc1ccc2cc(-c3cccnc3)cnc2c1OC,25000.0,266.3,3.31
CHEMBL358494,N#C/C(=C\c1ccc(O)c(O)c1)C(=O)N1CCN(C(=O)/C(C#N)=C/c2ccc(O)c(O)c2)CC1,25000.0,460.45,1.69
CHEMBL296468,CC(C)(C)c1cnc(CSc2cnc(NC(=O)C3CCNCC3)s2)o1,25000.0,380.54,3.66
CHEMBL73820,N#C/C(=C\c1ccc(O)c(O)c1)C(=O)O,25000.0,205.17,1.09
CHEMBL57251,COc1ccc(NC(=O)/C(C#N)=C/c2ccc(O)c(O)c2)c(OC)c1,25118.86,340.34,2.66
CHEMBL147761,Cc1c[nH]c(/C=C2\C(=O)Nc3cccc(C)c32)c1CCC(=O)O,28800.0,310.35,3.14
CHEMBL86531,NS(=O)(=O)c1ccc2c(c1)/C(=C/c1[nH]c3c(c1CCC(=O)O)CCCC3)C(=O)N2,29100.0,415.47,2.05
CHEMBL148514,COc1cccc(-c2ccc3c(c2)NC(=O)/C3=C\c2[nH]cc(CCC(=O)O)c2C)c1,30500.0,402.45,4.51
CHEMBL55994,N#C/C(=C\c1ccc(O)c(O)c1)C(=O)c1cccs1,30902.95,271.3,2.95
CHEMBL146694,COc1ccccc1-c1ccc2c(c1)NC(=O)/C2=C\c1[nH]c(C)c(CCC(=O)O)c1C,31300.0,416.48,4.82
CHEMBL83837,COC(=O)Cc1c(SSc2c(CC(=O)OC)c3ccccc3n2C)n(C)c2ccccc12,33000.0,468.6,4.9
CHEMBL76904,N#CC(C#N)=Cc1ccc(O)c(O)c1,35000.0,186.17,1.53
CHEMBL76904,N#CC(C#N)=Cc1ccc(O)c(O)c1,35000.0,186.17,1.53
CHEMBL76905,N#CC(C#N)=Cc1cc(O)cc(O)c1,37000.0,186.17,1.53
CHEMBL76985,N#C/C(=C\c1ccc(C=O)cc1)C(=O)O,47000.0,201.18,1.49
CHEMBL1161234,COc1cc(/C=C(\C#N)C(N)=O)cc(SCCCC(=O)O)c1O,47863.01,336.37,1.75
CHEMBL56319,CCOC(=O)C(Cc1ccccc1)NC(=O)/C(C#N)=C/c1ccc(O)c(O)c1,48977.88,380.4,2.3
CHEMBL450622,COc1cccc(-c2ccc3c(c2)NC(=O)/C3=C\c2[nH]cc(C)c2CCC(=O)O)c1,49200.0,402.45,4.51
CHEMBL149073,Cc1[nH]c(/C=C2\C(=O)Nc3ccc(C(=O)O)cc32)c(C)c1CCC(=O)O,50000.0,354.36,2.84
CHEMBL148744,Cc1c[nH]c(/C=C2\C(=O)Nc3ccc(Br)cc32)c1CCC(=O)O,50000.0,375.22,3.6
CHEMBL443296,CCOc1cccc(-c2ccc3c(c2)NC(=O)/C3=C\c2[nH]cc(C)c2CCC(=O)O)c1,50000.0,416.48,4.9
CHEMBL150177,Cc1[nH]c(/C=C2\C(=O)Nc3ccc(S(N)(=O)=O)cc32)c(C)c1CCC(=O)O,50000.0,389.43,1.79
CHEMBL267941,CN(c1ccccc1)c1cc2c(cc1N(C)c1ccccc1)C(=O)NC2=O,50000.0,357.41,4.11
CHEMBL268441,CC(=O)N(c1ccccc1)c1cc2c(cc1Nc1ccccc1)C(=O)NC2=O,50000.0,371.4,4.0
CHEMBL149243,COc1ccc2c(c1)NC(=O)/C2=C\c1[nH]cc(CCC(=O)O)c1C,50000.0,326.35,2.84
CHEMBL305194,Cc1cc(C(=O)O)[nH]c1/C=C1\C(=O)Nc2ncnc(Nc3ccc(F)c(Cl)c3)c21,50000.0,413.8,3.84
CHEMBL89363,Cc1c[nH]c(/C=C2\C(=O)Nc3ccccc32)c1CCC(=O)O,50000.0,296.33,2.83
CHEMBL266969,O=C1NC(=O)c2cc(NC3CCCCC3)c(NC3CCCCC3)cc21,50000.0,341.46,4.06
CHEMBL299763,COc1cc(OC)cc(-c2cc3cnc(N)nc3nc2NC(=O)NC(C)(C)C)c1,50000.0,396.45,3.21
CHEMBL299347,CN(C)c1ncc2cc(-c3c(Cl)cccc3Cl)c(=O)n(C)c2n1,50000.0,349.22,3.37
CHEMBL7352,COc1ccc(Nc2cc3c(cc2Nc2ccc(OC)cc2)C(=O)NC3=O)cc1,50000.0,389.41,4.07
CHEMBL8036,CN1C(=O)c2cc(Nc3ccccc3)c(Nc3ccccc3)cc2C1=O,50000.0,343.39,4.4
CHEMBL8036,CN1C(=O)c2cc(Nc3ccccc3)c(Nc3ccccc3)cc2C1=O,50000.0,343.39,4.4
CHEMBL356245,COc1ccc2c(c1)NC(=O)/C2=C\c1[nH]c(C)c(CCC(=O)O)c1C,50000.0,340.38,3.15
CHEMBL344319,Cc1c(CCC(=O)O)c[nH]c1/C=C1\C(=O)Nc2ccccc21,50000.0,296.33,2.83
CHEMBL268441,CC(=O)N(c1ccccc1)c1cc2c(cc1Nc1ccccc1)C(=O)NC2=O,50000.0,371.4,4.0
CHEMBL150151,COc1ccc(-c2ccc3c(c2)NC(=O)/C3=C\c2[nH]c(C)c(CCC(=O)O)c2C)cc1,50000.0,416.48,4.82
CHEMBL133498,CN1CC[C@H](c2c(O)cc(O)c3c(=O)cc(Oc4ccccc4Cl)oc23)[C@H](O)C1,50000.0,417.85,3.43
CHEMBL334881,CN1CC[C@H](c2c(O)cc(O)c3c(=O)cc(Sc4ccccc4Cl)oc23)[C@H](O)C1,50000.0,433.91,3.79
CHEMBL113356,Cn1c(=O)c(-c2c(Cl)cccc2Cl)cc2cnc(NCc3ccccc3)nc21,50000.0,411.29,4.91
CHEMBL132605,COc1ccc(Sc2ncnc3cc(OC)c(OC)cc23)cc1OC,50000.0,358.42,3.82
CHEMBL435227,Cc1c(CCC(=O)O)c[nH]c1/C=C1\C(=O)Nc2ccc(C(=O)O)cc21,50000.0,340.34,2.53
CHEMBL266487,O=C1NC(=O)C(c2c[nH]c3ccccc23)=C1c1c[nH]c2ccccc12,50000.0,327.34,3.22
CHEMBL146697,Cc1c(CCC(=O)O)c[nH]c1/C=C1\C(=O)Nc2ccc(S(N)(=O)=O)cc21,50000.0,375.41,1.48
CHEMBL276711,Cc1cc(C)c(/C=C2\C(=O)Nc3ccccc32)[nH]1,50000.0,238.29,3.12
CHEMBL357803,Cc1[nH]c(/C=C2\C(=O)Nc3ccc(Br)cc32)c(C)c1CCC(=O)O,50000.0,389.25,3.9
CHEMBL274654,Cc1[nH]c(/C=C2\C(=O)Nc3ccccc32)c(C)c1CCC(=O)O,50000.0,310.35,3.14
CHEMBL84141,Cn1c(SSc2c(CC(=O)O)c3ccccc3n2C)c(CC(=O)O)c2ccccc21,53000.0,440.55,4.72
CHEMBL1161236,COc1cc(C=C(C#N)C#N)cc(SCC(=O)O)c1O,53703.18,290.3,2.01
CHEMBL77243,CCCCc1cc(/C=C(\C#N)C(N)=O)cc(CCCC)c1O,55000.0,300.4,3.47
CHEMBL431996,O=C(O)CCc1c(/C=C2\C(=O)Nc3ccc(C(=O)O)cc32)[nH]c2c1CCCC2,56500.0,380.4,3.1
CHEMBL47966,Oc1ccc(/N=N/c2ccc(O)cc2O)cc1,58000.0,230.22,3.22
CHEMBL7699,O=c1c(-c2cccc(Cl)c2)coc2cc(O)ccc12,58800.0,272.69,3.82
CHEMBL309625,N#CC(C#N)=C(N)/C(C#N)=C/c1ccc(O)c([N+](=O)[O-])c1,60000.0,281.23,1.47
CHEMBL311119,N#CC(C#N)=Cc1ccc(C=O)cc1,60000.0,182.18,1.93
CHEMBL116423,Cc1cc(C=C(C#N)C#N)cc(O)c1O,61659.5,200.2,1.84
CHEMBL333115,Nc1cc2ncnc(Nc3ccc([N+](=O)[O-])cc3)c2cn1,65000.0,282.26,2.26
CHEMBL154969,CONC(=O)CCc1c(SSc2[nH]c3ccccc3c2CCC(=O)NOC)[nH]c2ccccc12,68000.0,498.63,4.67
CHEMBL123523,CN(C)c1ccccc1Nc1ncnc2cc(N)ncc12,69000.0,280.33,2.42
CHEMBL78249,N#CC(Cc1ccc(O)c(O)c1)C(=N)S,70000.0,222.27,1.69
CHEMBL76642,N#C/C(=C/c1cc(O)ccc1O)C(=O)O,75000.0,205.17,1.09
CHEMBL342792,COc1cc(/C=C(\C#N)S(=O)(=O)/C(C#N)=C/c2cc(O)c(O)c(OC)c2)cc(O)c1O,75000.0,444.42,2.37
CHEMBL414013,COc1cc2c(cc1OC)Nc1ncnc(O)c1C2,75000.0,259.27,1.85
CHEMBL98137,COc1ccc(Nc2ccnc3cc(OC)c(OC)cc23)cc1OC,80500.0,340.38,4.01
CHEMBL145209,N#C/C(=C\c1ccc(O)c(O)c1)C(=O)NCN1CCN(C(=O)/C(C#N)=C/c2ccc(O)c(O)c2)CC1,83000.0,489.49,1.24
CHEMBL115519,COc1cc(/C=C(\C#N)C(N)=O)cc(CSc2nc3cc(Cl)ccc3s2)c1O,83176.38,431.93,4.35
CHEMBL150177,Cc1[nH]c(/C=C2\C(=O)Nc3ccc(S(N)(=O)=O)cc32)c(C)c1CCC(=O)O,84800.0,389.43,1.79
CHEMBL120564,COc1cc(C=C(C#N)C#N)cc(C)c1O,87096.36,214.22,2.14
CHEMBL319620,O=C(O)c1cc(NCc2cc(O)ccc2O)ccc1O,92000.0,275.26,2.11
CHEMBL77085,N#CC(C#N)=Cc1cc(O)ccc1[N+](=O)[O-],96000.0,215.17,1.73
CHEMBL10,C[S+]([O-])c1ccc(-c2nc(-c3ccc(F)cc3)c(-c3ccncc3)[nH]2)cc1,96000.0,377.44,4.68
CHEMBL88606,O=C1Nc2ccc(Br)cc2/C1=C/c1cc2c([nH]1)CCCC2,100000.0,343.22,4.15
CHEMBL5195327,c1ccc2c(c1)[nH]c1c(NC3CCCCC3)ncnc12,100000.0,266.35,3.86
CHEMBL62699,CN1C(=S)C(C(=O)Nc2ccccc2)c2cccnc21,100000.0,283.36,2.58
CHEMBL309513,COC(=O)CCN1C(=S)C(CCC(=O)OC)(CCC(=O)OC)c2ccccc21,100000.0,407.49,2.54
CHEMBL91250,COc1ccc2c(c1)NC(=O)/C2=C\c1cc2c([nH]1)CCCC2,100000.0,294.35,3.39
CHEMBL276711,Cc1cc(C)c(/C=C2\C(=O)Nc3ccccc32)[nH]1,100000.0,238.29,3.12
CHEMBL143108,N#C/C(=C\c1ccc2[nH]ccc2c1)C(=O)NCCCNC(=O)/C(C#N)=C/c1ccc2[nH]ccc2c1,100000.0,462.51,3.79
CHEMBL83390,CN1C(=S)C(CCCC(=O)O)c2ccccc21,100000.0,249.34,2.8
CHEMBL328029,O=C1Nc2ccccc2/C1=C/c1cc2c([nH]1)CCCC2,100000.0,264.33,3.39
CHEMBL315753,O=C(O)CCc1c(/C=C2\C(=O)Nc3ccccc32)[nH]c2c1CCCC2,100000.0,336.39,3.4
CHEMBL314995,O=C(O)CCc1c(/C=C2\C(=O)Nc3ccc(Br)cc32)[nH]c2c1CCCC2,100000.0,415.29,4.17
CHEMBL311609,COC(=O)CCC1C(=S)N(C)c2ccccc21,100000.0,249.34,2.5
CHEMBL314416,CN1C(=S)C(CC(=O)O)c2ccccc21,100000.0,221.28,2.02
CHEMBL327300,COc1ccc(Oc2ccnc3cc(OC)c(OC)cc23)cc1OC,100000.0,341.36,4.06
CHEMBL89010,O=C1Nc2ccc(C(=O)O)cc2/C1=C/c1cc2c([nH]1)CCCC2,100000.0,308.34,3.08
CHEMBL276711,Cc1cc(C)c(/C=C2\C(=O)Nc3ccccc32)[nH]1,100000.0,238.29,3.12
CHEMBL2094036,C[C@@H](Nc1[nH]cnc2c3ccccc3nc1-2)c1ccccc1.Cl,100000.0,324.81,4.66
CHEMBL88483,NS(=O)(=O)c1ccc2c(c1)/C(=C/c1cc3c([nH]1)CCCC3)C(=O)N2,100000.0,343.41,2.03
CHEMBL89363,Cc1c[nH]c(/C=C2\C(=O)Nc3ccccc32)c1CCC(=O)O,100000.0,296.33,2.83
CHEMBL143108,N#C/C(=C\c1ccc2[nH]ccc2c1)C(=O)NCCCNC(=O)/C(C#N)=C/c1ccc2[nH]ccc2c1,100000.0,462.51,3.79
CHEMBL143108,N#C/C(=C\c1ccc2[nH]ccc2c1)C(=O)NCCCNC(=O)/C(C#N)=C/c1ccc2[nH]ccc2c1,100000.0,462.51,3.79
CHEMBL8222,COC(=O)c1cc(Nc2ccccc2)c(Nc2ccccc2)cc1C(=O)OC,100000.0,376.41,4.75
CHEMBL84512,COC(=O)CCCC1C(=S)N(C)c2ccccc21,100000.0,263.36,2.89
CHEMBL312001,COC(=O)CC1C(S)=Nc2ccccc21,100000.0,221.28,2.31
CHEMBL7775,CN(c1ccccc1)c1cc2c(cc1Nc1ccccc1)C(=O)NC2=O,100000.0,343.39,4.08
CHEMBL80001,COC(=O)CC1C(=S)N(C)c2ccccc21,100000.0,235.31,2.11
CHEMBL82640,O=C(O)CCC1(CCC(=O)O)C(S)=Nc2ccccc21,100000.0,293.34,2.63
CHEMBL98934,COC1=CC(=O)C=C(/C=C2\CCCC3CCCCC23)C1=O,100000.0,286.37,3.51
CHEMBL267869,N#Cc1ccc(Nc2cc3c(cc2Nc2ccc(C#N)cc2)C(=O)NC3=O)cc1,100000.0,379.38,3.8
CHEMBL266255,O=C1NC(=O)c2cc3c(cc21)N(c1ccccc1)CCN3c1ccccc1,100000.0,355.4,3.86
CHEMBL7352,COc1ccc(Nc2cc3c(cc2Nc2ccc(OC)cc2)C(=O)NC3=O)cc1,100000.0,389.41,4.07
CHEMBL543457,CN(C)CCNc1[nH]cnc2c3ccccc3nc1-2.Cl,100000.0,291.79,2.46
CHEMBL442388,CC(O)C(/N=C1\C(O)=CC(=O)C(O)=C1CC1CCCC2CCCCC21)C(=O)O,100000.0,391.46,3.09
CHEMBL309716,COC(=O)CCC1C(S)=Nc2ccccc21,100000.0,235.31,2.7
CHEMBL311811,COC(=O)Cc1c(Sc2c(CC(=O)OC)c3ccccc3n2C)n(C)c2ccccc12,100000.0,436.53,4.25
CHEMBL312247,COC(=O)CCC1(CCC(=O)OC)C(S)=Nc2ccccc21,100000.0,321.4,2.8
CHEMBL431818,COc1ccc(Oc2ncnc3cc(OC)c(OC)cc23)cc1OC,100000.0,342.35,3.46
CHEMBL420609,COc1ccc2c(c1)NC(=O)/C2=C\c1[nH]c2c(c1CCC(=O)O)CCCC2,100000.0,366.42,3.41
CHEMBL312402,COC(=O)CCCC1C(S)=Nc2ccccc21,100000.0,249.34,3.09
CHEMBL112422,Nc1ccc(-c2cc(=O)c3cc(N)cc(N)c3o2)cc1,100000.0,267.29,2.21
CHEMBL116051,Nc1ccc(-c2cc(=O)c3c(O)c(N)ccc3o2)cc1,100000.0,268.27,2.33
CHEMBL116353,COc1cc(N)c2oc(-c3ccc(N)cc3)cc(=O)c2c1,100000.0,282.3,2.63
CHEMBL114568,Nc1ccc(-c2cc(=O)c3ccc(O)c(N)c3o2)cc1,100000.0,268.27,2.33
CHEMBL121709,COc1ccccc1CNc1ncnc2cc(N)ncc12,100000.0,281.32,2.23
CHEMBL419601,CN(C)c1ccccc1CNc1ncnc2cc(N)ncc12,100000.0,294.36,2.29
CHEMBL323660,Nc1ccc(-c2cc(=O)c3cccc(N)c3o2)cc1,100000.0,252.27,2.62
CHEMBL64814,CSc1c(C(=O)Nc2ccccc2)c2ccccc2n1C,100000.0,296.4,4.15
CHEMBL147112,COc1ccccc1-c1ccc2c(c1)NC(=O)/C2=C\c1[nH]cc(CCC(=O)O)c1C,100000.0,402.45,4.51
CHEMBL148744,Cc1c[nH]c(/C=C2\C(=O)Nc3ccc(Br)cc32)c1CCC(=O)O,100000.0,375.22,3.6
CHEMBL149201,Cc1[nH]c(/C=C2\C(=O)Nc3cc(-c4ccccc4)ccc32)c(C)c1CCC(=O)O,100000.0,386.45,4.81
CHEMBL358728,COc1cccc(-c2ccc3c(c2)NC(=O)/C3=C\c2[nH]c(C)c(CCC(=O)O)c2C)c1,100000.0,416.48,4.82
CHEMBL543600,CC(CN(C)C)C(=O)c1ccc(OS(=O)(=O)c2ccc(C(=O)O)cc2)cc1.Cl,100000.0,427.91,2.95
CHEMBL155389,O=C(CC1C(S)=Nc2ccccc21)NCc1ccccc1,100000.0,296.4,3.45
CHEMBL150151,COc1ccc(-c2ccc3c(c2)NC(=O)/C3=C\c2[nH]c(C)c(CCC(=O)O)c2C)cc1,100000.0,416.48,4.82
CHEMBL543362,CN(C)CCCC(=O)c1ccc(OCc2ccccc2)cc1.Cl,100000.0,333.86,4.21
CHEMBL39563,Brc1cccc(Nc2nccc3ccccc23)c1,100000.0,299.17,4.74
CHEMBL62067,CN1C(=S)C(C(=O)Nc2ccccc2)c2cc(Cl)ccc21,100000.0,316.81,3.84
CHEMBL7801,Oc1c(-c2cccc(Cl)c2)cnc2ccccc12,100000.0,255.7,4.26
CHEMBL129989,COC(=O)c1cc(/N=C/c2cc(O)ccc2O)ccc1OC,100000.0,301.3,2.64
CHEMBL114578,Nc1ccc(-c2cc(=O)c3c(O)ccc(N)c3o2)cc1,100000.0,268.27,2.33
CHEMBL268368,O=C1NC(=O)c2c1c1c3ccccc3[nH]c1c1[nH]c3ccccc3c21,100000.0,325.33,3.84
CHEMBL7981,COc1cc(OC)c2c(=O)c(-c3cccc(Cl)c3)coc2c1,100000.0,316.74,4.13
CHEMBL125995,COc1ccc(CNc2ncnc3cc(N)ncc23)cc1,100000.0,281.32,2.23
CHEMBL115397,COc1ccc(N)c2oc(-c3ccc(N)cc3)cc(=O)c12,100000.0,282.3,2.63
CHEMBL121984,CN(C)c1ccc(CNc2ncnc3cc(N)ncc23)cc1,100000.0,294.36,2.29
CHEMBL316764,O=C(O)c1cc(/N=C/c2cc(O)ccc2O)ccc1O,100000.0,273.24,2.25
CHEMBL114814,Nc1ccc(-c2cc(=O)c3c(N)c(O)c(N)cc3o2)cc1,100000.0,283.29,1.91
CHEMBL115102,Nc1cccc(-c2cc(=O)c3cc(N)c(O)cc3o2)c1,100000.0,268.27,2.33
CHEMBL114550,COc1cc(N)c2oc(-c3cccc(N)c3)cc(=O)c2c1,100000.0,282.3,2.63
CHEMBL7339,COc1cc(O)c2c(=O)c(-c3cccc(Cl)c3)coc2c1,100000.0,302.71,3.83
CHEMBL112421,Nc1ccc(-c2cc(=O)c3cc(O)cc(N)c3o2)cc1,100000.0,268.27,2.33
CHEMBL115601,Nc1ccc(-c2cc(=O)c3cc(N)c(O)c(N)c3o2)cc1,100000.0,283.29,1.91
CHEMBL115103,Nc1cccc(-c2cc(=O)c3cc(N)ccc3o2)c1,100000.0,252.27,2.62
CHEMBL63009,CN1C(=S)C(C)(C(=O)Nc2ccccc2)c2ccccc21,100000.0,296.4,3.36
CHEMBL356245,COc1ccc2c(c1)NC(=O)/C2=C\c1[nH]c(C)c(CCC(=O)O)c1C,100000.0,340.38,3.15
CHEMBL146694,COc1ccccc1-c1ccc2c(c1)NC(=O)/C2=C\c1[nH]c(C)c(CCC(=O)O)c1C,100000.0,416.48,4.82
CHEMBL147761,Cc1c[nH]c(/C=C2\C(=O)Nc3cccc(C)c32)c1CCC(=O)O,100000.0,310.35,3.14
CHEMBL435227,Cc1c(CCC(=O)O)c[nH]c1/C=C1\C(=O)Nc2ccc(C(=O)O)cc21,100000.0,340.34,2.53
CHEMBL450622,COc1cccc(-c2ccc3c(c2)NC(=O)/C3=C\c2[nH]cc(C)c2CCC(=O)O)c1,100000.0,402.45,4.51
CHEMBL149243,COc1ccc2c(c1)NC(=O)/C2=C\c1[nH]cc(CCC(=O)O)c1C,100000.0,326.35,2.84
CHEMBL276711,Cc1cc(C)c(/C=C2\C(=O)Nc3ccccc32)[nH]1,100000.0,238.29,3.12
CHEMBL274654,Cc1[nH]c(/C=C2\C(=O)Nc3ccccc32)c(C)c1CCC(=O)O,100000.0,310.35,3.14
CHEMBL8271,O=C1NC(=O)c2cc(Sc3ccccc3)c(Sc3ccccc3)cc21,100000.0,363.46,4.87
CHEMBL357803,Cc1[nH]c(/C=C2\C(=O)Nc3ccc(Br)cc32)c(C)c1CCC(=O)O,100000.0,389.25,3.9
CHEMBL146697,Cc1c(CCC(=O)O)c[nH]c1/C=C1\C(=O)Nc2ccc(S(N)(=O)=O)cc21,100000.0,375.41,1.48
CHEMBL154911,O=C(CCC1C(S)=Nc2ccccc21)NCc1ccccc1,100000.0,310.42,3.84
CHEMBL148984,COc1ccc(-c2ccc3c(c2)NC(=O)/C3=C\c2[nH]cc(CCC(=O)O)c2C)cc1,100000.0,402.45,4.51
CHEMBL347074,Cc1c(CCC(=O)O)c[nH]c1/C=C1\C(=O)Nc2cc(-c3ccccc3)ccc21,100000.0,372.42,4.5
CHEMBL89363,Cc1c[nH]c(/C=C2\C(=O)Nc3ccccc32)c1CCC(=O)O,100000.0,296.33,2.83
CHEMBL148514,COc1cccc(-c2ccc3c(c2)NC(=O)/C3=C\c2[nH]cc(CCC(=O)O)c2C)c1,100000.0,402.45,4.51
CHEMBL344319,Cc1c(CCC(=O)O)c[nH]c1/C=C1\C(=O)Nc2ccccc21,100000.0,296.33,2.83
CHEMBL149073,Cc1[nH]c(/C=C2\C(=O)Nc3ccc(C(=O)O)cc32)c(C)c1CCC(=O)O,100000.0,354.36,2.84
CHEMBL443296,CCOc1cccc(-c2ccc3c(c2)NC(=O)/C3=C\c2[nH]cc(C)c2CCC(=O)O)c1,100000.0,416.48,4.9
CHEMBL308134,N#CC(C#N)=Cc1ccc(O)c([N+](=O)[O-])c1,125000.0,215.17,1.73
CHEMBL44227,Oc1ccc(-c2nc3ccc(O)cc3s2)cc1,130000.0,243.29,3.37
CHEMBL48085,Oc1cc(O)c2nc(-c3ccc(O)c(O)c3)sc2c1,130000.0,275.29,2.79
CHEMBL77298,COc1cc(C=C(C#N)C#N)cc(Br)c1O,153000.0,279.09,2.59
CHEMBL6976,COc1cc2c(cc1OC)Nc1ncn(C)c(=O)c1C2,160000.0,273.29,1.45
CHEMBL307179,COc1cc(C=C(C#N)C#N)cc([N+](=O)[O-])c1O,160000.0,245.19,1.74
CHEMBL76602,N#C/C(=C\c1ccc(O)cc1)C(=O)O,165000.0,189.17,1.38
CHEMBL343875,CCOc1ccc2sc(SCc3cc(/C=C(\C#N)C(N)=O)cc(OC)c3O)nc2c1,165958.69,441.53,4.09
CHEMBL50,O=c1c(O)c(-c2ccc(O)c(O)c2)oc2cc(O)cc(O)c12,190000.0,302.24,1.99
CHEMBL77869,COc1cc(C=C(C#N)C#N)ccc1O,200000.0,200.2,1.83
CHEMBL310958,N#CC(C#N)=NNc1ccc(O)cc1,225000.0,186.17,1.21
CHEMBL79064,N#CC(C#N)=C(O)c1ccc(O)cc1,230000.0,186.17,1.71
CHEMBL26001,O=P(O)(O)C(O)c1ccc2ccccc2c1,250000.0,238.18,2.01
CHEMBL77737,N#CC(C#N)=Cc1ccncc1,250000.0,155.16,1.51
CHEMBL78302,COc1ccc(C=C(C#N)C#N)cc1O,250000.0,200.2,1.83
CHEMBL310514,N#CC(C#N)=Cc1ccc[nH]1,260000.0,143.15,1.45
CHEMBL76979,COc1cc(/C=C(\C#N)C(=O)O)cc(OC)c1O,264000.0,249.22,1.4
CHEMBL45564,Oc1ccc(-c2nc3c(O)cc(O)cc3s2)cc1,300000.0,259.29,3.08
CHEMBL307250,COc1cc(/C=C(\C#N)C(=O)O)ccc1O,325000.0,219.2,1.39
CHEMBL77814,N#CC(C#N)=CNc1ccc(O)cc1,350000.0,185.19,1.74
CHEMBL78005,N#CC(C#N)=Cc1ccc2c(c1)OCO2,350000.0,198.18,1.85
CHEMBL310400,N#CC(C#N)=Cc1cccc(O)c1,375000.0,170.17,1.82
CHEMBL78174,N#CC(C#N)=Cc1ccc(C(=O)O)cc1,430000.0,198.18,1.82
CHEMBL280074,Cn1cnc2c(NCc3ccccc3)nc(NCCO)nc21,440000.0,298.35,1.38
CHEMBL77387,N#CC(C#N)=Cc1ccc([N+](=O)[O-])c(O)c1,450000.0,215.17,1.73
CHEMBL77778,N#CC(C#N)=Cc1ccc(/C=C/C(=O)O)cc1,450000.0,224.22,2.21
CHEMBL311564,COc1ccc(C(O)=C(C#N)C#N)cc1,450000.0,200.2,2.01
CHEMBL78150,CC(C)(C)c1cc(C=C(C#N)C#N)cc(C(C)(C)C)c1O,460000.0,282.39,4.42
CHEMBL306988,CC(=C(C#N)C#N)c1ccc(NC(=O)CCC(=O)O)cc1,500000.0,283.29,2.31
CHEMBL7981,COc1cc(OC)c2c(=O)c(-c3cccc(Cl)c3)coc2c1,500000.0,316.74,4.13
CHEMBL140213,CC(C)(C)Oc1cc(/C=C(\C#N)C(=N)S)cc(C(C)(C)C)c1O,501187.23,332.47,4.68
CHEMBL305695,N#CC(C#N)=Cc1ccc(O)cc1,560000.0,170.17,1.82
CHEMBL76082,N#CC(C#N)=Cc1cc2c(cc1[N+](=O)[O-])OCO2,560000.0,243.18,1.75
CHEMBL1242973,COC(=O)[C@@]1(Cc2ccc(O)c(CC=C(C)C)c2)OC(=O)C(O)=C1c1ccc(O)cc1,590000.0,424.45,3.59
CHEMBL77825,COc1ccc(NN=C(C#N)C#N)cc1,600000.0,200.2,1.51
CHEMBL420385,N#CC(C#N)=Cc1ccc(N2CCOCC2)cc1,625000.0,239.28,1.95
CHEMBL76557,N#CCNC(=O)/C(C#N)=C/c1ccc(O)cc1,625000.0,227.22,0.94
CHEMBL307248,N#CC(C#N)=Cc1ccc(NC(=O)CCC(=O)O)cc1,640000.0,269.26,1.92
CHEMBL308048,N#C/C(=C\c1ccc(O)cc1)C(N)=O,800000.0,188.19,0.78
CHEMBL59150,N#CC(C#N)=C(N)/C(C#N)=C/c1ccc2[nH]ccc2c1,820000.0,259.27,2.33
CHEMBL78184,N#C/C(=C\c1ccc(F)cc1)C(=O)O,833000.0,191.16,1.82
CHEMBL77524,COc1ccc(/C=C(\C#N)C(=O)O)cc1,833000.0,203.2,1.69
CHEMBL421877,COc1cc(C=C(C#N)C#N)cc(OC)c1O,850000.0,230.22,1.84
CHEMBL77595,N#C/C(=C\c1ccccc1)C(=O)O,850000.0,173.17,1.68
CHEMBL1009,N[C@@H](Cc1ccc(O)c(O)c1)C(=O)O,900000.0,197.19,0.05
CHEMBL77197,COc1cc(/C(C)=C(\C#N)C(=O)O)ccc1O,1100000.0,233.22,1.78
CHEMBL145,O=C(O)/C=C/c1ccc(O)c(O)c1,1200000.0,180.16,1.2
CHEMBL77280,CC(=C(C#N)C#N)c1ccc(N)cc1,1250000.0,183.21,2.09
CHEMBL77456,COc1ccc(C=C(C#N)C#N)cc1,1250000.0,184.2,2.13
CHEMBL76983,N#CC(C#N)=Cc1ccc(F)cc1,1250000.0,172.16,2.26
CHEMBL77724,COc1cc(C=C(C#N)C#N)cc(OC)c1,1250000.0,214.22,2.13
CHEMBL57712,N#CC(C#N)=Cc1cc[n+]([O-])cc1,1300000.0,171.16,0.75
CHEMBL309866,N#C/C(=C\c1ccc([N+](=O)[O-])cc1)C(=O)O,1300000.0,218.17,1.59
CHEMBL77381,N#C/C(=C/c1ccc[nH]1)C(=O)O,1360000.0,162.15,1.01
CHEMBL308339,N#CC(C#N)=C1C(=O)NC(=O)NC1=O,1400000.0,190.12,-1.3
CHEMBL308133,O=C(O)C(=Cc1ccc(O)cc1)C(=O)O,1500000.0,208.17,0.94
CHEMBL75718,N#C/C=C/c1ccc(O)cc1,2400000.0,145.16,1.93
CHEMBL66879,O=C(O)/C=C/c1ccc(O)cc1,3000000.0,164.16,1.49
CHEMBL76587,N#CC(C#N)Cc1ccc(O)cc1,6500000.0,172.19,1.6
